time_s,d0,d1
0,0,1
1e-07,0,1
2e-07,0,1
3e-07,0,1
4e-07,0,1
5e-07,0,1
6e-07,0,1
7e-07,0,1
8e-07,0,1
9e-07,0,1
1e-06,0,1
1.1e-06,0,1
1.2e-06,0,1
1.3e-06,0,1
1.4e-06,0,1
1.5e-06,0,1
1.6e-06,0,1
1.7e-06,0,1
1.8e-06,0,1
1.9e-06,0,1
2e-06,0,1
2.1e-06,0,1
2.2e-06,0,1
2.3e-06,0,1
2.4e-06,0,1
2.5e-06,0,1
2.6e-06,0,1
2.7e-06,0,1
2.8e-06,0,1
2.9e-06,0,1
3e-06,0,1
3.1e-06,0,1
3.2e-06,0,1
3.3e-06,0,1
3.4e-06,0,1
3.5e-06,0,1
3.6e-06,0,1
3.7e-06,0,1
3.8e-06,0,1
3.9e-06,0,1
4e-06,0,1
4.1e-06,0,1
4.2e-06,0,1
4.3e-06,0,1
4.4e-06,0,1
4.5e-06,0,1
4.6e-06,0,1
4.7e-06,0,1
4.8e-06,0,1
4.9e-06,0,0
5e-06,0,0
5.1e-06,0,0
5.2e-06,0,0
5.3e-06,0,0
5.4e-06,0,0
5.5e-06,0,0
5.6e-06,0,0
5.7e-06,0,0
5.8e-06,0,0
5.9e-06,0,0
6e-06,0,0
6.1e-06,0,0
6.2e-06,0,0
6.3e-06,0,0
6.4e-06,0,0
6.5e-06,0,0
6.6e-06,0,0
6.7e-06,0,0
6.8e-06,0,0
6.9e-06,0,0
7e-06,0,0
7.1e-06,0,0
7.2e-06,0,0
7.3e-06,0,0
7.4e-06,0,0
7.5e-06,0,0
7.6e-06,0,0
7.7e-06,0,0
7.8e-06,0,0
7.9e-06,0,0
8e-06,0,0
8.1e-06,0,0
8.2e-06,0,0
8.3e-06,0,0
8.4e-06,0,0
8.5e-06,0,0
8.6e-06,0,0
8.7e-06,0,0
8.8e-06,0,0
8.9e-06,0,0
9e-06,0,0
9.1e-06,0,0
9.2e-06,0,0
9.3e-06,0,0
9.4e-06,0,0
9.5e-06,0,0
9.6e-06,0,0
9.7e-06,0,0
9.8e-06,0,0
9.9e-06,0,0
1e-05,0,0
1.01e-05,0,0
1.02e-05,0,0
1.03e-05,0,1
1.04e-05,0,1
1.05e-05,0,1
1.06e-05,0,1
1.07e-05,0,1
1.08e-05,0,1
1.09e-05,0,1
1.1e-05,0,1
1.11e-05,0,1
1.12e-05,0,1
1.13e-05,0,1
1.14e-05,0,1
1.15e-05,0,1
1.16e-05,0,1
1.17e-05,0,1
1.18e-05,0,1
1.19e-05,0,1
1.2e-05,0,1
1.21e-05,0,1
1.22e-05,0,1
1.23e-05,0,1
1.24e-05,0,1
1.25e-05,0,1
1.26e-05,0,1
1.27e-05,0,1
1.28e-05,0,1
1.29e-05,0,1
1.3e-05,0,1
1.31e-05,0,1
1.32e-05,0,1
1.33e-05,0,1
1.34e-05,0,1
1.35e-05,0,1
1.36e-05,0,1
1.37e-05,0,1
1.38e-05,0,1
1.39e-05,0,1
1.4e-05,0,1
1.41e-05,0,1
1.42e-05,0,1
1.43e-05,0,1
1.44e-05,0,1
1.45e-05,0,1
1.46e-05,0,1
1.47e-05,0,1
1.48e-05,0,1
1.49e-05,0,1
1.5e-05,0,1
1.51e-05,0,1
1.52e-05,0,1
1.53e-05,0,1
1.54e-05,0,0
1.55e-05,0,0
1.56e-05,0,0
1.57e-05,0,0
1.58e-05,0,0
1.59e-05,0,0
1.6e-05,0,0
1.61e-05,0,0
1.62e-05,0,0
1.63e-05,0,0
1.64e-05,0,0
1.65e-05,0,0
1.66e-05,0,0
1.67e-05,0,0
1.68e-05,0,0
1.69e-05,0,0
1.7e-05,0,0
1.71e-05,0,0
1.72e-05,0,0
1.73e-05,0,0
1.74e-05,0,0
1.75e-05,0,0
1.76e-05,0,0
1.77e-05,0,0
1.78e-05,0,0
1.79e-05,0,0
1.8e-05,0,0
1.81e-05,0,0
1.82e-05,0,0
1.83e-05,1,0
1.84e-05,1,0
1.85e-05,1,0
1.86e-05,1,0
1.87e-05,1,0
1.88e-05,1,0
1.89e-05,1,0
1.9e-05,1,0
1.91e-05,1,0
1.92e-05,1,0
1.93e-05,1,0
1.94e-05,1,0
1.95e-05,1,0
1.96e-05,1,0
1.97e-05,1,0
1.98e-05,1,0
1.99e-05,1,0
2e-05,1,0
2.01e-05,1,0
2.02e-05,1,0
2.03e-05,1,0
2.04e-05,1,0
2.05e-05,1,0
2.06e-05,1,0
2.07e-05,1,0
2.08e-05,1,1
2.09e-05,1,1
2.1e-05,1,1
2.11e-05,1,1
2.12e-05,1,1
2.13e-05,1,1
2.14e-05,1,1
2.15e-05,1,1
2.16e-05,1,1
2.17e-05,1,1
2.18e-05,1,1
2.19e-05,1,1
2.2e-05,1,1
2.21e-05,1,1
2.22e-05,1,1
2.23e-05,1,1
2.24e-05,1,1
2.25e-05,1,1
2.26e-05,1,1
2.27e-05,1,1
2.28e-05,1,1
2.29e-05,1,1
2.3e-05,1,1
2.31e-05,1,1
2.32e-05,1,1
2.33e-05,1,1
2.34e-05,1,1
2.35e-05,1,1
2.36e-05,1,1
2.37e-05,1,1
2.38e-05,1,1
2.39e-05,1,1
2.4e-05,1,1
2.41e-05,1,1
2.42e-05,1,1
2.43e-05,1,1
2.44e-05,1,1
2.45e-05,1,1
2.46e-05,1,1
2.47e-05,1,1
2.48e-05,1,1
2.49e-05,1,1
2.5e-05,1,1
2.51e-05,1,1
2.52e-05,1,1
2.53e-05,1,1
2.54e-05,1,1
2.55e-05,1,1
2.56e-05,1,1
2.57e-05,1,1
2.58e-05,1,1
2.59e-05,1,0
2.6e-05,1,0
2.61e-05,1,0
2.62e-05,1,0
2.63e-05,1,0
2.64e-05,1,0
2.65e-05,1,0
2.66e-05,1,0
2.67e-05,1,0
2.68e-05,1,0
2.69e-05,1,0
2.7e-05,1,0
2.71e-05,1,0
2.72e-05,1,0
2.73e-05,1,0
2.74e-05,1,0
2.75e-05,1,0
2.76e-05,1,0
2.77e-05,1,0
2.78e-05,1,0
2.79e-05,1,0
2.8e-05,1,0
2.81e-05,1,0
2.82e-05,1,0
2.83e-05,1,0
2.84e-05,0,0
2.85e-05,0,0
2.86e-05,0,0
2.87e-05,0,0
2.88e-05,0,0
2.89e-05,0,0
2.9e-05,0,0
2.91e-05,0,0
2.92e-05,0,0
2.93e-05,0,0
2.94e-05,0,0
2.95e-05,0,0
2.96e-05,0,0
2.97e-05,0,0
2.98e-05,0,0
2.99e-05,0,0
3e-05,0,0
3.01e-05,0,0
3.02e-05,0,0
3.03e-05,0,0
3.04e-05,0,0
3.05e-05,0,0
3.06e-05,0,0
3.07e-05,0,0
3.08e-05,0,0
3.09e-05,0,0
3.1e-05,0,0
3.11e-05,0,0
3.12e-05,0,0
3.13e-05,0,1
3.14e-05,0,1
3.15e-05,0,1
3.16e-05,0,1
3.17e-05,0,1
3.18e-05,0,1
3.19e-05,0,1
3.2e-05,0,1
3.21e-05,0,1
3.22e-05,0,1
3.23e-05,0,1
3.24e-05,0,1
3.25e-05,0,1
3.26e-05,0,1
3.27e-05,0,1
3.28e-05,0,1
3.29e-05,0,1
3.3e-05,0,1
3.31e-05,0,1
3.32e-05,0,1
3.33e-05,0,1
3.34e-05,0,1
3.35e-05,0,1
3.36e-05,0,1
3.37e-05,0,1
3.38e-05,0,1
3.39e-05,0,1
3.4e-05,0,1
3.41e-05,0,1
3.42e-05,0,1
3.43e-05,0,1
3.44e-05,0,1
3.45e-05,0,1
3.46e-05,0,1
3.47e-05,0,1
3.48e-05,0,1
3.49e-05,0,1
3.5e-05,0,1
3.51e-05,0,1
3.52e-05,0,1
3.53e-05,0,1
3.54e-05,0,1
3.55e-05,0,1
3.56e-05,0,1
3.57e-05,0,1
3.58e-05,0,1
3.59e-05,0,1
3.6e-05,0,1
3.61e-05,0,1
3.62e-05,0,1
3.63e-05,0,1
3.64e-05,0,0
3.65e-05,0,0
3.66e-05,0,0
3.67e-05,0,0
3.68e-05,0,0
3.69e-05,0,0
3.7e-05,0,0
3.71e-05,0,0
3.72e-05,0,0
3.73e-05,0,0
3.74e-05,0,0
3.75e-05,0,0
3.76e-05,0,0
3.77e-05,0,0
3.78e-05,0,0
3.79e-05,0,0
3.8e-05,0,0
3.81e-05,0,0
3.82e-05,0,0
3.83e-05,0,0
3.84e-05,0,0
3.85e-05,0,0
3.86e-05,0,0
3.87e-05,0,0
3.88e-05,0,0
3.89e-05,0,0
3.9e-05,0,0
3.91e-05,0,0
3.92e-05,0,0
3.93e-05,1,0
3.94e-05,1,0
3.95e-05,1,0
3.96e-05,1,0
3.97e-05,1,0
3.98e-05,1,0
3.99e-05,1,0
4e-05,1,0
4.01e-05,1,0
4.02e-05,1,0
4.03e-05,1,0
4.04e-05,1,0
4.05e-05,1,0
4.06e-05,1,0
4.07e-05,1,0
4.08e-05,1,0
4.09e-05,1,0
4.1e-05,1,0
4.11e-05,1,0
4.12e-05,1,0
4.13e-05,1,0
4.14e-05,1,0
4.15e-05,1,0
4.16e-05,1,0
4.17e-05,1,0
4.18e-05,1,1
4.19e-05,1,1
4.2e-05,1,1
4.21e-05,1,1
4.22e-05,1,1
4.23e-05,1,1
4.24e-05,1,1
4.25e-05,1,1
4.26e-05,1,1
4.27e-05,1,1
4.28e-05,1,1
4.29e-05,1,1
4.3e-05,1,1
4.31e-05,1,1
4.32e-05,1,1
4.33e-05,1,1
4.34e-05,1,1
4.35e-05,1,1
4.36e-05,1,1
4.37e-05,1,1
4.38e-05,1,1
4.39e-05,1,1
4.4e-05,1,1
4.41e-05,1,1
4.42e-05,1,1
4.43e-05,1,1
4.44e-05,1,1
4.45e-05,1,1
4.46e-05,1,1
4.47e-05,1,1
4.48e-05,1,1
4.49e-05,1,1
4.5e-05,1,1
4.51e-05,1,1
4.52e-05,1,1
4.53e-05,1,1
4.54e-05,1,1
4.55e-05,1,1
4.56e-05,1,1
4.57e-05,1,1
4.58e-05,1,1
4.59e-05,1,1
4.6e-05,1,1
4.61e-05,1,1
4.62e-05,1,1
4.63e-05,1,1
4.64e-05,1,1
4.65e-05,1,1
4.66e-05,1,1
4.67e-05,1,1
4.68e-05,1,1
4.69e-05,1,0
4.7e-05,1,0
4.71e-05,1,0
4.72e-05,1,0
4.73e-05,1,0
4.74e-05,1,0
4.75e-05,1,0
4.76e-05,1,0
4.77e-05,1,0
4.78e-05,1,0
4.79e-05,1,0
4.8e-05,1,0
4.81e-05,1,0
4.82e-05,1,0
4.83e-05,1,0
4.84e-05,1,0
4.85e-05,1,0
4.86e-05,1,0
4.87e-05,1,0
4.88e-05,1,0
4.89e-05,1,0
4.9e-05,1,0
4.91e-05,1,0
4.92e-05,1,0
4.93e-05,1,0
4.94e-05,0,0
4.95e-05,0,0
4.96e-05,0,0
4.97e-05,0,0
4.98e-05,0,0
4.99e-05,0,0
5e-05,0,0
5.01e-05,0,0
5.02e-05,0,0
5.03e-05,0,0
5.04e-05,0,0
5.05e-05,0,0
5.06e-05,0,0
5.07e-05,0,0
5.08e-05,0,0
5.09e-05,0,0
5.1e-05,0,0
5.11e-05,0,0
5.12e-05,0,0
5.13e-05,0,0
5.14e-05,0,0
5.15e-05,0,0
5.16e-05,0,0
5.17e-05,0,0
5.18e-05,0,0
5.19e-05,0,0
5.2e-05,0,0
5.21e-05,0,0
5.22e-05,0,0
5.23e-05,0,1
5.24e-05,0,1
5.25e-05,0,1
5.26e-05,0,1
5.27e-05,0,1
5.28e-05,0,1
5.29e-05,0,1
5.3e-05,0,1
5.31e-05,0,1
5.32e-05,0,1
5.33e-05,0,1
5.34e-05,0,1
5.35e-05,0,1
5.36e-05,0,1
5.37e-05,0,1
5.38e-05,0,1
5.39e-05,0,1
5.4e-05,0,1
5.41e-05,0,1
5.42e-05,0,1
5.43e-05,0,1
5.44e-05,0,1
5.45e-05,0,1
5.46e-05,0,1
5.47e-05,0,1
5.48e-05,0,1
5.49e-05,0,1
5.5e-05,0,1
5.51e-05,0,1
5.52e-05,0,1
5.53e-05,0,1
5.54e-05,0,1
5.55e-05,0,1
5.56e-05,0,1
5.57e-05,0,1
5.58e-05,0,1
5.59e-05,0,1
5.6e-05,0,1
5.61e-05,0,1
5.62e-05,0,1
5.63e-05,0,1
5.64e-05,0,1
5.65e-05,0,1
5.66e-05,0,1
5.67e-05,0,1
5.68e-05,0,1
5.69e-05,0,1
5.7e-05,0,1
5.71e-05,0,1
5.72e-05,0,1
5.73e-05,0,1
5.74e-05,0,0
5.75e-05,0,0
5.76e-05,0,0
5.77e-05,0,0
5.78e-05,0,0
5.79e-05,0,0
5.8e-05,0,0
5.81e-05,0,0
5.82e-05,0,0
5.83e-05,0,0
5.84e-05,0,0
5.85e-05,0,0
5.86e-05,0,0
5.87e-05,0,0
5.88e-05,0,0
5.89e-05,0,0
5.9e-05,0,0
5.91e-05,0,0
5.92e-05,0,0
5.93e-05,0,0
5.94e-05,0,0
5.95e-05,0,0
5.96e-05,0,0
5.97e-05,0,0
5.98e-05,0,0
5.99e-05,0,0
6e-05,0,0
6.01e-05,0,0
6.02e-05,0,0
6.03e-05,0,0
6.04e-05,0,0
6.05e-05,0,0
6.06e-05,0,0
6.07e-05,0,0
6.08e-05,0,0
6.09e-05,0,0
6.1e-05,0,0
6.11e-05,0,0
6.12e-05,0,0
6.13e-05,0,0
6.14e-05,0,0
6.15e-05,0,0
6.16e-05,0,0
6.17e-05,0,0
6.18e-05,0,0
6.19e-05,0,0
6.2e-05,0,0
6.21e-05,0,0
6.22e-05,0,0
6.23e-05,0,0
6.24e-05,0,0
6.25e-05,0,0
6.26e-05,0,0
6.27e-05,0,0
6.28e-05,0,0
6.29e-05,0,1
6.3e-05,0,1
6.31e-05,0,1
6.32e-05,0,1
6.33e-05,0,1
6.34e-05,0,1
6.35e-05,0,1
6.36e-05,0,1
6.37e-05,0,1
6.38e-05,0,1
6.39e-05,0,1
6.4e-05,0,1
6.41e-05,0,1
6.42e-05,0,1
6.43e-05,0,1
6.44e-05,0,1
6.45e-05,0,1
6.46e-05,0,1
6.47e-05,0,1
6.48e-05,0,1
6.49e-05,0,1
6.5e-05,0,1
6.51e-05,0,1
6.52e-05,0,1
6.53e-05,0,1
6.54e-05,0,1
6.55e-05,0,1
6.56e-05,0,1
6.57e-05,0,1
6.58e-05,0,1
6.59e-05,0,1
6.6e-05,0,1
6.61e-05,0,1
6.62e-05,0,1
6.63e-05,0,1
6.64e-05,0,1
6.65e-05,0,1
6.66e-05,0,1
6.67e-05,0,1
6.68e-05,0,1
6.69e-05,0,1
6.7e-05,0,1
6.71e-05,0,1
6.72e-05,0,1
6.73e-05,0,1
6.74e-05,0,1
6.75e-05,0,1
6.76e-05,0,1
6.77e-05,0,1
6.78e-05,0,1
6.79e-05,0,0
6.8e-05,0,0
6.81e-05,0,0
6.82e-05,0,0
6.83e-05,0,0
6.84e-05,0,0
6.85e-05,0,0
6.86e-05,0,0
6.87e-05,0,0
6.88e-05,0,0
6.89e-05,0,0
6.9e-05,0,0
6.91e-05,0,0
6.92e-05,0,0
6.93e-05,0,0
6.94e-05,0,0
6.95e-05,0,0
6.96e-05,0,0
6.97e-05,0,0
6.98e-05,0,0
6.99e-05,0,0
7e-05,0,0
7.01e-05,0,0
7.02e-05,0,0
7.03e-05,0,0
7.04e-05,0,0
7.05e-05,0,0
7.06e-05,0,0
7.07e-05,0,0
7.08e-05,0,0
7.09e-05,1,0
7.1e-05,1,0
7.11e-05,1,0
7.12e-05,1,0
7.13e-05,1,0
7.14e-05,1,0
7.15e-05,1,0
7.16e-05,1,0
7.17e-05,1,0
7.18e-05,1,0
7.19e-05,1,0
7.2e-05,1,0
7.21e-05,1,0
7.22e-05,1,0
7.23e-05,1,0
7.24e-05,1,0
7.25e-05,1,0
7.26e-05,1,0
7.27e-05,1,0
7.28e-05,1,0
7.29e-05,1,0
7.3e-05,1,0
7.31e-05,1,0
7.32e-05,1,0
7.33e-05,1,0
7.34e-05,1,1
7.35e-05,1,1
7.36e-05,1,1
7.37e-05,1,1
7.38e-05,1,1
7.39e-05,1,1
7.4e-05,1,1
7.41e-05,1,1
7.42e-05,1,1
7.43e-05,1,1
7.44e-05,1,1
7.45e-05,1,1
7.46e-05,1,1
7.47e-05,1,1
7.48e-05,1,1
7.49e-05,1,1
7.5e-05,1,1
7.51e-05,1,1
7.52e-05,1,1
7.53e-05,1,1
7.54e-05,1,1
7.55e-05,1,1
7.56e-05,1,1
7.57e-05,1,1
7.58e-05,1,1
7.59e-05,1,1
7.6e-05,1,1
7.61e-05,1,1
7.62e-05,1,1
7.63e-05,1,1
7.64e-05,1,1
7.65e-05,1,1
7.66e-05,1,1
7.67e-05,1,1
7.68e-05,1,1
7.69e-05,1,1
7.7e-05,1,1
7.71e-05,1,1
7.72e-05,1,1
7.73e-05,1,1
7.74e-05,1,1
7.75e-05,1,1
7.76e-05,1,1
7.77e-05,1,1
7.78e-05,1,1
7.79e-05,1,1
7.8e-05,1,1
7.81e-05,1,1
7.82e-05,1,1
7.83e-05,1,1
7.84e-05,1,0
7.85e-05,1,0
7.86e-05,1,0
7.87e-05,1,0
7.88e-05,1,0
7.89e-05,1,0
7.9e-05,1,0
7.91e-05,1,0
7.92e-05,1,0
7.93e-05,1,0
7.94e-05,1,0
7.95e-05,1,0
7.96e-05,1,0
7.97e-05,1,0
7.98e-05,1,0
7.99e-05,1,0
8e-05,1,0
8.01e-05,1,0
8.02e-05,1,0
8.03e-05,1,0
8.04e-05,1,0
8.05e-05,1,0
8.06e-05,1,0
8.07e-05,1,0
8.08e-05,1,0
8.09e-05,0,0
8.1e-05,0,0
8.11e-05,0,0
8.12e-05,0,0
8.13e-05,0,0
8.14e-05,0,0
8.15e-05,0,0
8.16e-05,0,0
8.17e-05,0,0
8.18e-05,0,0
8.19e-05,0,0
8.2e-05,0,0
8.21e-05,0,0
8.22e-05,0,0
8.23e-05,0,0
8.24e-05,0,0
8.25e-05,0,0
8.26e-05,0,0
8.27e-05,0,0
8.28e-05,0,0
8.29e-05,0,0
8.3e-05,0,0
8.31e-05,0,0
8.32e-05,0,0
8.33e-05,0,0
8.34e-05,0,0
8.35e-05,0,0
8.36e-05,0,0
8.37e-05,0,0
8.38e-05,0,0
8.39e-05,0,1
8.4e-05,0,1
8.41e-05,0,1
8.42e-05,0,1
8.43e-05,0,1
8.44e-05,0,1
8.45e-05,0,1
8.46e-05,0,1
8.47e-05,0,1
8.48e-05,0,1
8.49e-05,0,1
8.5e-05,0,1
8.51e-05,0,1
8.52e-05,0,1
8.53e-05,0,1
8.54e-05,0,1
8.55e-05,0,1
8.56e-05,0,1
8.57e-05,0,1
8.58e-05,0,1
8.59e-05,0,1
8.6e-05,0,1
8.61e-05,0,1
8.62e-05,0,1
8.63e-05,0,1
8.64e-05,0,1
8.65e-05,0,1
8.66e-05,0,1
8.67e-05,0,1
8.68e-05,0,1
8.69e-05,0,1
8.7e-05,0,1
8.71e-05,0,1
8.72e-05,0,1
8.73e-05,0,1
8.74e-05,0,1
8.75e-05,0,1
8.76e-05,0,1
8.77e-05,0,1
8.78e-05,0,1
8.79e-05,0,1
8.8e-05,0,1
8.81e-05,0,1
8.82e-05,0,1
8.83e-05,0,1
8.84e-05,0,1
8.85e-05,0,1
8.86e-05,0,1
8.87e-05,0,1
8.88e-05,0,1
8.89e-05,0,0
8.9e-05,0,0
8.91e-05,0,0
8.92e-05,0,0
8.93e-05,0,0
8.94e-05,0,0
8.95e-05,0,0
8.96e-05,0,0
8.97e-05,0,0
8.98e-05,0,0
8.99e-05,0,0
9e-05,0,0
9.01e-05,0,0
9.02e-05,0,0
9.03e-05,0,0
9.04e-05,0,0
9.05e-05,0,0
9.06e-05,0,0
9.07e-05,0,0
9.08e-05,0,0
9.09e-05,0,0
9.1e-05,0,0
9.11e-05,0,0
9.12e-05,0,0
9.13e-05,0,0
9.14e-05,0,0
9.15e-05,0,0
9.16e-05,0,0
9.17e-05,0,0
9.18e-05,0,0
9.19e-05,0,0
9.2e-05,0,0
9.21e-05,0,0
9.22e-05,0,0
9.23e-05,0,0
9.24e-05,0,0
9.25e-05,0,0
9.26e-05,0,0
9.27e-05,0,0
9.28e-05,0,0
9.29e-05,0,0
9.3e-05,0,0
9.31e-05,0,0
9.32e-05,0,0
9.33e-05,0,0
9.34e-05,0,0
9.35e-05,0,0
9.36e-05,0,0
9.37e-05,0,0
9.38e-05,0,0
9.39e-05,0,0
9.4e-05,0,0
9.41e-05,0,0
9.42e-05,0,0
9.43e-05,0,0
9.44e-05,0,1
9.45e-05,0,1
9.46e-05,0,1
9.47e-05,0,1
9.48e-05,0,1
9.49e-05,0,1
9.5e-05,0,1
9.51e-05,0,1
9.52e-05,0,1
9.53e-05,0,1
9.54e-05,0,1
9.55e-05,0,1
9.56e-05,0,1
9.57e-05,0,1
9.58e-05,0,1
9.59e-05,0,1
9.6e-05,0,1
9.61e-05,0,1
9.62e-05,0,1
9.63e-05,0,1
9.64e-05,0,1
9.65e-05,0,1
9.66e-05,0,1
9.67e-05,0,1
9.68e-05,0,1
9.69e-05,0,1
9.7e-05,0,1
9.71e-05,0,1
9.72e-05,0,1
9.73e-05,0,1
9.74e-05,0,1
9.75e-05,0,1
9.76e-05,0,1
9.77e-05,0,1
9.78e-05,0,1
9.79e-05,0,1
9.8e-05,0,1
9.81e-05,0,1
9.82e-05,0,1
9.83e-05,0,1
9.84e-05,0,1
9.85e-05,0,1
9.86e-05,0,1
9.87e-05,0,1
9.88e-05,0,1
9.89e-05,0,1
9.9e-05,0,1
9.91e-05,0,1
9.92e-05,0,1
9.93e-05,0,1
9.94e-05,0,0
9.95e-05,0,0
9.96e-05,0,0
9.97e-05,0,0
9.98e-05,0,0
9.99e-05,0,0
0.0001,1,0
0.0001001,1,0
0.0001002,1,0
0.0001003,1,0
0.0001004,1,0
0.0001005,1,0
0.0001006,1,0
0.0001007,1,0
0.0001008,1,0
0.0001009,1,0
0.000101,1,0
0.0001011,1,0
0.0001012,1,0
0.0001013,1,0
0.0001014,1,0
0.0001015,1,0
0.0001016,1,0
0.0001017,1,0
0.0001018,1,0
0.0001019,0,0
0.000102,0,0
0.0001021,0,0
0.0001022,0,0
0.0001023,0,0
0.0001024,0,0
0.0001025,0,0
0.0001026,0,0
0.0001027,0,0
0.0001028,0,0
0.0001029,0,0
0.000103,0,0
0.0001031,0,0
0.0001032,0,0
0.0001033,0,0
0.0001034,0,0
0.0001035,0,0
0.0001036,0,0
0.0001037,0,0
0.0001038,0,0
0.0001039,0,0
0.000104,0,0
0.0001041,0,0
0.0001042,0,0
0.0001043,0,0
0.0001044,0,0
0.0001045,0,0
0.0001046,0,0
0.0001047,0,0
0.0001048,0,0
0.0001049,0,1
0.000105,0,1
0.0001051,0,1
0.0001052,0,1
0.0001053,0,1
0.0001054,0,1
0.0001055,0,1
0.0001056,0,1
0.0001057,0,1
0.0001058,0,1
0.0001059,0,1
0.000106,0,1
0.0001061,0,1
0.0001062,0,1
0.0001063,0,1
0.0001064,0,1
0.0001065,0,1
0.0001066,0,1
0.0001067,0,1
0.0001068,0,1
0.0001069,0,1
0.000107,0,1
0.0001071,0,1
0.0001072,0,1
0.0001073,0,1
0.0001074,0,1
0.0001075,0,1
0.0001076,0,1
0.0001077,0,1
0.0001078,0,1
0.0001079,0,1
0.000108,0,1
0.0001081,0,1
0.0001082,0,1
0.0001083,0,1
0.0001084,0,1
0.0001085,0,1
0.0001086,0,1
0.0001087,0,1
0.0001088,0,1
0.0001089,0,1
0.000109,0,1
0.0001091,0,1
0.0001092,0,1
0.0001093,0,1
0.0001094,0,1
0.0001095,0,1
0.0001096,0,1
0.0001097,0,1
0.0001098,0,1
0.0001099,0,1
0.00011,0,0
0.0001101,0,0
0.0001102,0,0
0.0001103,0,0
0.0001104,0,0
0.0001105,0,0
0.0001106,0,0
0.0001107,0,0
0.0001108,0,0
0.0001109,0,0
0.000111,0,0
0.0001111,0,0
0.0001112,0,0
0.0001113,0,0
0.0001114,0,0
0.0001115,0,0
0.0001116,0,0
0.0001117,0,0
0.0001118,0,0
0.0001119,0,0
0.000112,0,0
0.0001121,0,0
0.0001122,0,0
0.0001123,0,0
0.0001124,0,0
0.0001125,0,0
0.0001126,0,0
0.0001127,0,0
0.0001128,0,0
0.0001129,0,0
0.000113,0,0
0.0001131,0,0
0.0001132,0,0
0.0001133,0,0
0.0001134,0,0
0.0001135,0,0
0.0001136,0,0
0.0001137,0,0
0.0001138,0,0
0.0001139,0,0
0.000114,0,0
0.0001141,0,0
0.0001142,0,0
0.0001143,0,0
0.0001144,0,0
0.0001145,0,0
0.0001146,0,0
0.0001147,0,0
0.0001148,0,0
0.0001149,0,0
0.000115,0,0
0.0001151,0,0
0.0001152,0,0
0.0001153,0,0
0.0001154,0,1
0.0001155,0,1
0.0001156,0,1
0.0001157,0,1
0.0001158,0,1
0.0001159,0,1
0.000116,0,1
0.0001161,0,1
0.0001162,0,1
0.0001163,0,1
0.0001164,0,1
0.0001165,0,1
0.0001166,0,1
0.0001167,0,1
0.0001168,0,1
0.0001169,0,1
0.000117,0,1
0.0001171,0,1
0.0001172,0,1
0.0001173,0,1
0.0001174,0,1
0.0001175,0,1
0.0001176,0,1
0.0001177,0,1
0.0001178,0,1
0.0001179,0,1
0.000118,0,1
0.0001181,0,1
0.0001182,0,1
0.0001183,0,1
0.0001184,0,1
0.0001185,0,1
0.0001186,0,1
0.0001187,0,1
0.0001188,0,1
0.0001189,0,1
0.000119,0,1
0.0001191,0,1
0.0001192,0,1
0.0001193,0,1
0.0001194,0,1
0.0001195,0,1
0.0001196,0,1
0.0001197,0,1
0.0001198,0,1
0.0001199,0,1
0.00012,0,1
0.0001201,0,1
0.0001202,0,1
0.0001203,0,1
0.0001204,0,1
0.0001205,0,0
0.0001206,0,0
0.0001207,0,0
0.0001208,0,0
0.0001209,0,0
0.000121,0,0
0.0001211,0,0
0.0001212,0,0
0.0001213,0,0
0.0001214,0,0
0.0001215,0,0
0.0001216,0,0
0.0001217,0,0
0.0001218,0,0
0.0001219,0,0
0.000122,0,0
0.0001221,0,0
0.0001222,0,0
0.0001223,0,0
0.0001224,0,0
0.0001225,0,0
0.0001226,0,0
0.0001227,0,0
0.0001228,0,0
0.0001229,0,0
0.000123,0,0
0.0001231,0,0
0.0001232,0,0
0.0001233,0,0
0.0001234,0,0
0.0001235,0,0
0.0001236,0,0
0.0001237,0,0
0.0001238,0,0
0.0001239,0,0
0.000124,0,0
0.0001241,0,0
0.0001242,0,0
0.0001243,0,0
0.0001244,0,0
0.0001245,0,0
0.0001246,0,0
0.0001247,0,0
0.0001248,0,0
0.0001249,0,0
0.000125,0,0
0.0001251,0,0
0.0001252,0,0
0.0001253,0,0
0.0001254,0,0
0.0001255,0,0
0.0001256,0,0
0.0001257,0,0
0.0001258,0,0
0.0001259,0,1
0.000126,0,1
0.0001261,0,1
0.0001262,0,1
0.0001263,0,1
0.0001264,0,1
0.0001265,0,1
0.0001266,0,1
0.0001267,0,1
0.0001268,0,1
0.0001269,0,1
0.000127,0,1
0.0001271,0,1
0.0001272,0,1
0.0001273,0,1
0.0001274,0,1
0.0001275,0,1
0.0001276,0,1
0.0001277,0,1
0.0001278,0,1
0.0001279,0,1
0.000128,0,1
0.0001281,0,1
0.0001282,0,1
0.0001283,0,1
0.0001284,0,1
0.0001285,0,1
0.0001286,0,1
0.0001287,0,1
0.0001288,0,1
0.0001289,0,1
0.000129,0,1
0.0001291,0,1
0.0001292,0,1
0.0001293,0,1
0.0001294,0,1
0.0001295,0,1
0.0001296,0,1
0.0001297,0,1
0.0001298,0,1
0.0001299,0,1
0.00013,0,1
0.0001301,0,1
0.0001302,0,1
0.0001303,0,1
0.0001304,0,1
0.0001305,0,1
0.0001306,0,1
0.0001307,0,1
0.0001308,0,1
0.0001309,0,1
0.000131,0,0
0.0001311,0,0
0.0001312,0,0
0.0001313,0,0
0.0001314,0,0
0.0001315,0,0
0.0001316,0,0
0.0001317,0,0
0.0001318,0,0
0.0001319,0,0
0.000132,0,0
0.0001321,0,0
0.0001322,0,0
0.0001323,0,0
0.0001324,0,0
0.0001325,0,0
0.0001326,0,0
0.0001327,0,0
0.0001328,0,0
0.0001329,0,0
0.000133,0,0
0.0001331,0,0
0.0001332,0,0
0.0001333,0,0
0.0001334,0,0
0.0001335,0,0
0.0001336,0,0
0.0001337,0,0
0.0001338,0,0
0.0001339,0,0
0.000134,0,0
0.0001341,0,0
0.0001342,0,0
0.0001343,0,0
0.0001344,0,0
0.0001345,0,0
0.0001346,0,0
0.0001347,0,0
0.0001348,0,0
0.0001349,0,0
0.000135,0,0
0.0001351,0,0
0.0001352,0,0
0.0001353,0,0
0.0001354,0,0
0.0001355,0,0
0.0001356,0,0
0.0001357,0,0
0.0001358,0,0
0.0001359,0,0
0.000136,0,0
0.0001361,0,0
0.0001362,0,0
0.0001363,0,0
0.0001364,0,1
0.0001365,0,1
0.0001366,0,1
0.0001367,0,1
0.0001368,0,1
0.0001369,0,1
0.000137,0,1
0.0001371,0,1
0.0001372,0,1
0.0001373,0,1
0.0001374,0,1
0.0001375,0,1
0.0001376,0,1
0.0001377,0,1
0.0001378,0,1
0.0001379,0,1
0.000138,0,1
0.0001381,0,1
0.0001382,0,1
0.0001383,0,1
0.0001384,0,1
0.0001385,0,1
0.0001386,0,1
0.0001387,0,1
0.0001388,0,1
0.0001389,0,1
0.000139,0,1
0.0001391,0,1
0.0001392,0,1
0.0001393,0,1
0.0001394,0,1
0.0001395,0,1
0.0001396,0,1
0.0001397,0,1
0.0001398,0,1
0.0001399,0,1
0.00014,0,1
0.0001401,0,1
0.0001402,0,1
0.0001403,0,1
0.0001404,0,1
0.0001405,0,1
0.0001406,0,1
0.0001407,0,1
0.0001408,0,1
0.0001409,0,1
0.000141,0,1
0.0001411,0,1
0.0001412,0,1
0.0001413,0,1
0.0001414,0,1
0.0001415,0,0
0.0001416,0,0
0.0001417,0,0
0.0001418,0,0
0.0001419,0,0
0.000142,0,0
0.0001421,0,0
0.0001422,0,0
0.0001423,0,0
0.0001424,0,0
0.0001425,0,0
0.0001426,0,0
0.0001427,0,0
0.0001428,0,0
0.0001429,0,0
0.000143,0,0
0.0001431,0,0
0.0001432,0,0
0.0001433,0,0
0.0001434,0,0
0.0001435,0,0
0.0001436,0,0
0.0001437,0,0
0.0001438,0,0
0.0001439,0,0
0.000144,0,0
0.0001441,0,0
0.0001442,0,0
0.0001443,0,0
0.0001444,0,0
0.0001445,0,0
0.0001446,0,0
0.0001447,0,0
0.0001448,0,0
0.0001449,0,0
0.000145,0,0
0.0001451,0,0
0.0001452,0,0
0.0001453,0,0
0.0001454,0,0
0.0001455,0,0
0.0001456,0,0
0.0001457,0,0
0.0001458,0,0
0.0001459,0,0
0.000146,0,0
0.0001461,0,0
0.0001462,0,0
0.0001463,0,0
0.0001464,0,0
0.0001465,0,0
0.0001466,0,0
0.0001467,0,0
0.0001468,0,0
0.0001469,0,1
0.000147,0,1
0.0001471,0,1
0.0001472,0,1
0.0001473,0,1
0.0001474,0,1
0.0001475,0,1
0.0001476,0,1
0.0001477,0,1
0.0001478,0,1
0.0001479,0,1
0.000148,0,1
0.0001481,0,1
0.0001482,0,1
0.0001483,0,1
0.0001484,0,1
0.0001485,0,1
0.0001486,0,1
0.0001487,0,1
0.0001488,0,1
0.0001489,0,1
0.000149,0,1
0.0001491,0,1
0.0001492,0,1
0.0001493,0,1
0.0001494,0,1
0.0001495,0,1
0.0001496,0,1
0.0001497,0,1
0.0001498,0,1
0.0001499,0,1
0.00015,0,1
0.0001501,0,1
0.0001502,0,1
0.0001503,0,1
0.0001504,0,1
0.0001505,0,1
0.0001506,0,1
0.0001507,0,1
0.0001508,0,1
0.0001509,0,1
0.000151,0,1
0.0001511,0,1
0.0001512,0,1
0.0001513,0,1
0.0001514,0,1
0.0001515,0,1
0.0001516,0,1
0.0001517,0,1
0.0001518,0,1
0.0001519,0,1
0.000152,0,0
0.0001521,0,0
0.0001522,0,0
0.0001523,0,0
0.0001524,0,0
0.0001525,0,0
0.0001526,0,0
0.0001527,0,0
0.0001528,0,0
0.0001529,0,0
0.000153,0,0
0.0001531,0,0
0.0001532,0,0
0.0001533,0,0
0.0001534,0,0
0.0001535,0,0
0.0001536,0,0
0.0001537,0,0
0.0001538,0,0
0.0001539,0,0
0.000154,0,0
0.0001541,0,0
0.0001542,0,0
0.0001543,0,0
0.0001544,0,0
0.0001545,0,0
0.0001546,0,0
0.0001547,0,0
0.0001548,0,0
0.0001549,0,0
0.000155,0,0
0.0001551,0,0
0.0001552,0,0
0.0001553,0,0
0.0001554,0,0
0.0001555,0,0
0.0001556,0,0
0.0001557,0,0
0.0001558,0,0
0.0001559,0,0
0.000156,0,0
0.0001561,0,0
0.0001562,0,0
0.0001563,0,0
0.0001564,0,0
0.0001565,0,0
0.0001566,0,0
0.0001567,0,0
0.0001568,0,0
0.0001569,0,0
0.000157,0,0
0.0001571,0,0
0.0001572,0,0
0.0001573,0,0
0.0001574,0,1
0.0001575,0,1
0.0001576,0,1
0.0001577,0,1
0.0001578,0,1
0.0001579,0,1
0.000158,0,1
0.0001581,0,1
0.0001582,0,1
0.0001583,0,1
0.0001584,0,1
0.0001585,0,1
0.0001586,0,1
0.0001587,0,1
0.0001588,0,1
0.0001589,0,1
0.000159,0,1
0.0001591,0,1
0.0001592,0,1
0.0001593,0,1
0.0001594,0,1
0.0001595,0,1
0.0001596,0,1
0.0001597,0,1
0.0001598,0,1
0.0001599,0,1
0.00016,0,1
0.0001601,0,1
0.0001602,0,1
0.0001603,0,1
0.0001604,0,1
0.0001605,0,1
0.0001606,0,1
0.0001607,0,1
0.0001608,0,1
0.0001609,0,1
0.000161,0,1
0.0001611,0,1
0.0001612,0,1
0.0001613,0,1
0.0001614,0,1
0.0001615,0,1
0.0001616,0,1
0.0001617,0,1
0.0001618,0,1
0.0001619,0,1
0.000162,0,1
0.0001621,0,1
0.0001622,0,1
0.0001623,0,1
0.0001624,0,1
0.0001625,0,0
0.0001626,0,0
0.0001627,0,0
0.0001628,0,0
0.0001629,0,0
0.000163,0,0
0.0001631,0,0
0.0001632,0,0
0.0001633,0,0
0.0001634,0,0
0.0001635,0,0
0.0001636,0,0
0.0001637,0,0
0.0001638,0,0
0.0001639,0,0
0.000164,0,0
0.0001641,0,0
0.0001642,0,0
0.0001643,0,0
0.0001644,0,0
0.0001645,0,0
0.0001646,0,0
0.0001647,0,0
0.0001648,0,0
0.0001649,0,0
0.000165,0,0
0.0001651,0,0
0.0001652,0,0
0.0001653,0,0
0.0001654,0,0
0.0001655,0,0
0.0001656,0,0
0.0001657,0,0
0.0001658,0,0
0.0001659,0,0
0.000166,0,0
0.0001661,0,0
0.0001662,0,0
0.0001663,0,0
0.0001664,0,0
0.0001665,0,0
0.0001666,0,0
0.0001667,0,0
0.0001668,0,0
0.0001669,0,0
0.000167,0,0
0.0001671,0,0
0.0001672,0,0
0.0001673,0,0
0.0001674,0,0
0.0001675,0,0
0.0001676,0,0
0.0001677,0,0
0.0001678,0,0
0.0001679,0,1
0.000168,0,1
0.0001681,0,1
0.0001682,0,1
0.0001683,0,1
0.0001684,0,1
0.0001685,0,1
0.0001686,0,1
0.0001687,0,1
0.0001688,0,1
0.0001689,0,1
0.000169,0,1
0.0001691,0,1
0.0001692,0,1
0.0001693,0,1
0.0001694,0,1
0.0001695,0,1
0.0001696,0,1
0.0001697,0,1
0.0001698,0,1
0.0001699,0,1
0.00017,0,1
0.0001701,0,1
0.0001702,0,1
0.0001703,0,1
0.0001704,0,1
0.0001705,0,1
0.0001706,0,1
0.0001707,0,1
0.0001708,0,1
0.0001709,0,1
0.000171,0,1
0.0001711,0,1
0.0001712,0,1
0.0001713,0,1
0.0001714,0,1
0.0001715,0,1
0.0001716,0,1
0.0001717,0,1
0.0001718,0,1
0.0001719,0,1
0.000172,0,1
0.0001721,0,1
0.0001722,0,1
0.0001723,0,1
0.0001724,0,1
0.0001725,0,1
0.0001726,0,1
0.0001727,0,1
0.0001728,0,1
0.0001729,0,1
0.000173,0,0
0.0001731,0,0
0.0001732,0,0
0.0001733,0,0
0.0001734,0,0
0.0001735,0,0
0.0001736,0,0
0.0001737,0,0
0.0001738,0,0
0.0001739,0,0
0.000174,0,0
0.0001741,0,0
0.0001742,0,0
0.0001743,0,0
0.0001744,0,0
0.0001745,0,0
0.0001746,0,0
0.0001747,0,0
0.0001748,0,0
0.0001749,0,0
0.000175,0,0
0.0001751,0,0
0.0001752,0,0
0.0001753,0,0
0.0001754,0,0
0.0001755,0,0
0.0001756,0,0
0.0001757,0,0
0.0001758,0,0
0.0001759,1,0
0.000176,1,0
0.0001761,1,0
0.0001762,1,0
0.0001763,1,0
0.0001764,1,0
0.0001765,1,0
0.0001766,1,0
0.0001767,1,0
0.0001768,1,0
0.0001769,1,0
0.000177,1,0
0.0001771,1,0
0.0001772,1,0
0.0001773,1,0
0.0001774,1,0
0.0001775,1,0
0.0001776,1,0
0.0001777,1,0
0.0001778,1,0
0.0001779,1,0
0.000178,1,0
0.0001781,1,0
0.0001782,1,0
0.0001783,1,0
0.0001784,1,1
0.0001785,1,1
0.0001786,1,1
0.0001787,1,1
0.0001788,1,1
0.0001789,1,1
0.000179,1,1
0.0001791,1,1
0.0001792,1,1
0.0001793,1,1
0.0001794,1,1
0.0001795,1,1
0.0001796,1,1
0.0001797,1,1
0.0001798,1,1
0.0001799,1,1
0.00018,1,1
0.0001801,1,1
0.0001802,1,1
0.0001803,1,1
0.0001804,1,1
0.0001805,1,1
0.0001806,1,1
0.0001807,1,1
0.0001808,1,1
0.0001809,1,1
0.000181,1,1
0.0001811,1,1
0.0001812,1,1
0.0001813,1,1
0.0001814,1,1
0.0001815,1,1
0.0001816,1,1
0.0001817,1,1
0.0001818,1,1
0.0001819,1,1
0.000182,1,1
0.0001821,1,1
0.0001822,1,1
0.0001823,1,1
0.0001824,1,1
0.0001825,1,1
0.0001826,1,1
0.0001827,1,1
0.0001828,1,1
0.0001829,1,1
0.000183,1,1
0.0001831,1,1
0.0001832,1,1
0.0001833,1,1
0.0001834,1,1
0.0001835,1,0
0.0001836,1,0
0.0001837,1,0
0.0001838,0,0
0.0001839,0,0
0.000184,0,0
0.0001841,0,0
0.0001842,0,0
0.0001843,0,0
0.0001844,0,0
0.0001845,0,0
0.0001846,0,0
0.0001847,0,0
0.0001848,0,0
0.0001849,0,0
0.000185,0,0
0.0001851,0,0
0.0001852,0,0
0.0001853,0,0
0.0001854,0,0
0.0001855,0,0
0.0001856,0,0
0.0001857,0,0
0.0001858,0,0
0.0001859,0,0
0.000186,0,0
0.0001861,0,0
0.0001862,0,0
0.0001863,0,0
0.0001864,0,0
0.0001865,0,0
0.0001866,0,0
0.0001867,0,0
0.0001868,0,0
0.0001869,0,0
0.000187,0,0
0.0001871,0,0
0.0001872,0,0
0.0001873,0,0
0.0001874,0,0
0.0001875,0,0
0.0001876,0,0
0.0001877,0,0
0.0001878,0,0
0.0001879,0,0
0.000188,0,0
0.0001881,0,0
0.0001882,0,0
0.0001883,0,0
0.0001884,0,0
0.0001885,0,0
0.0001886,0,0
0.0001887,0,0
0.0001888,0,0
0.0001889,0,1
0.000189,0,1
0.0001891,0,1
0.0001892,0,1
0.0001893,0,1
0.0001894,0,1
0.0001895,0,1
0.0001896,0,1
0.0001897,0,1
0.0001898,0,1
0.0001899,0,1
0.00019,0,1
0.0001901,0,1
0.0001902,0,1
0.0001903,0,1
0.0001904,0,1
0.0001905,0,1
0.0001906,0,1
0.0001907,0,1
0.0001908,0,1
0.0001909,0,1
0.000191,0,1
0.0001911,0,1
0.0001912,0,1
0.0001913,0,1
0.0001914,0,1
0.0001915,0,1
0.0001916,0,1
0.0001917,0,1
0.0001918,0,1
0.0001919,0,1
0.000192,0,1
0.0001921,0,1
0.0001922,0,1
0.0001923,0,1
0.0001924,0,1
0.0001925,0,1
0.0001926,0,1
0.0001927,0,1
0.0001928,0,1
0.0001929,0,1
0.000193,0,1
0.0001931,0,1
0.0001932,0,1
0.0001933,0,1
0.0001934,0,1
0.0001935,0,1
0.0001936,0,1
0.0001937,0,1
0.0001938,0,1
0.0001939,0,1
0.000194,0,0
0.0001941,0,0
0.0001942,0,0
0.0001943,0,0
0.0001944,0,0
0.0001945,1,0
0.0001946,1,0
0.0001947,1,0
0.0001948,1,0
0.0001949,1,0
0.000195,1,0
0.0001951,1,0
0.0001952,1,0
0.0001953,1,0
0.0001954,1,0
0.0001955,1,0
0.0001956,1,0
0.0001957,1,0
0.0001958,1,0
0.0001959,1,0
0.000196,1,0
0.0001961,1,0
0.0001962,1,0
0.0001963,1,0
0.0001964,1,0
0.0001965,0,0
0.0001966,0,0
0.0001967,0,0
0.0001968,0,0
0.0001969,0,0
0.000197,0,0
0.0001971,0,0
0.0001972,0,0
0.0001973,0,0
0.0001974,0,0
0.0001975,0,0
0.0001976,0,0
0.0001977,0,0
0.0001978,0,0
0.0001979,0,0
0.000198,0,0
0.0001981,0,0
0.0001982,0,0
0.0001983,0,0
0.0001984,0,0
0.0001985,0,0
0.0001986,0,0
0.0001987,0,0
0.0001988,0,0
0.0001989,0,0
0.000199,0,0
0.0001991,0,0
0.0001992,0,0
0.0001993,0,0
0.0001994,0,1
0.0001995,0,1
0.0001996,0,1
0.0001997,0,1
0.0001998,0,1
0.0001999,0,1
0.0002,0,1
0.0002001,0,1
0.0002002,0,1
0.0002003,0,1
0.0002004,0,1
0.0002005,0,1
0.0002006,0,1
0.0002007,0,1
0.0002008,0,1
0.0002009,0,1
0.000201,0,1
0.0002011,0,1
0.0002012,0,1
0.0002013,0,1
0.0002014,0,1
0.0002015,0,1
0.0002016,0,1
0.0002017,0,1
0.0002018,0,1
0.0002019,0,1
0.000202,0,1
0.0002021,0,1
0.0002022,0,1
0.0002023,0,1
0.0002024,0,1
0.0002025,0,1
0.0002026,0,1
0.0002027,0,1
0.0002028,0,1
0.0002029,0,1
0.000203,0,1
0.0002031,0,1
0.0002032,0,1
0.0002033,0,1
0.0002034,0,1
0.0002035,0,1
0.0002036,0,1
0.0002037,0,1
0.0002038,0,1
0.0002039,0,1
0.000204,0,1
0.0002041,0,1
0.0002042,0,1
0.0002043,0,1
0.0002044,0,1
0.0002045,0,0
0.0002046,0,0
0.0002047,0,0
0.0002048,0,0
0.0002049,0,0
0.000205,0,0
0.0002051,0,0
0.0002052,0,0
0.0002053,0,0
0.0002054,0,0
0.0002055,0,0
0.0002056,0,0
0.0002057,0,0
0.0002058,0,0
0.0002059,0,0
0.000206,0,0
0.0002061,0,0
0.0002062,0,0
0.0002063,0,0
0.0002064,0,0
0.0002065,0,0
0.0002066,0,0
0.0002067,0,0
0.0002068,0,0
0.0002069,0,0
0.000207,0,0
0.0002071,0,0
0.0002072,0,0
0.0002073,0,0
0.0002074,0,0
0.0002075,0,0
0.0002076,0,0
0.0002077,0,0
0.0002078,0,0
0.0002079,0,0
0.000208,0,0
0.0002081,0,0
0.0002082,0,0
0.0002083,0,0
0.0002084,0,0
0.0002085,0,0
0.0002086,0,0
0.0002087,0,0
0.0002088,0,0
0.0002089,0,0
0.000209,0,0
0.0002091,0,0
0.0002092,0,0
0.0002093,0,0
0.0002094,0,0
0.0002095,0,0
0.0002096,0,0
0.0002097,0,0
0.0002098,0,0
0.0002099,0,0
0.00021,0,1
0.0002101,0,1
0.0002102,0,1
0.0002103,0,1
0.0002104,0,1
0.0002105,0,1
0.0002106,0,1
0.0002107,0,1
0.0002108,0,1
0.0002109,0,1
0.000211,0,1
0.0002111,0,1
0.0002112,0,1
0.0002113,0,1
0.0002114,0,1
0.0002115,0,1
0.0002116,0,1
0.0002117,0,1
0.0002118,0,1
0.0002119,0,1
0.000212,0,1
0.0002121,0,1
0.0002122,0,1
0.0002123,0,1
0.0002124,0,1
0.0002125,0,1
0.0002126,0,1
0.0002127,0,1
0.0002128,0,1
0.0002129,0,1
0.000213,0,1
0.0002131,0,1
0.0002132,0,1
0.0002133,0,1
0.0002134,0,1
0.0002135,0,1
0.0002136,0,1
0.0002137,0,1
0.0002138,0,1
0.0002139,0,1
0.000214,0,1
0.0002141,0,1
0.0002142,0,1
0.0002143,0,1
0.0002144,0,1
0.0002145,0,1
0.0002146,0,1
0.0002147,0,1
0.0002148,0,1
0.0002149,0,1
0.000215,0,0
0.0002151,0,0
0.0002152,0,0
0.0002153,0,0
0.0002154,0,0
0.0002155,0,0
0.0002156,0,0
0.0002157,0,0
0.0002158,0,0
0.0002159,0,0
0.000216,0,0
0.0002161,0,0
0.0002162,0,0
0.0002163,0,0
0.0002164,0,0
0.0002165,0,0
0.0002166,0,0
0.0002167,0,0
0.0002168,0,0
0.0002169,0,0
0.000217,0,0
0.0002171,0,0
0.0002172,0,0
0.0002173,0,0
0.0002174,0,0
0.0002175,0,0
0.0002176,0,0
0.0002177,0,0
0.0002178,0,0
0.0002179,0,0
0.000218,0,0
0.0002181,0,0
0.0002182,0,0
0.0002183,0,0
0.0002184,0,0
0.0002185,0,0
0.0002186,0,0
0.0002187,0,0
0.0002188,0,0
0.0002189,0,0
0.000219,0,0
0.0002191,0,0
0.0002192,0,0
0.0002193,0,0
0.0002194,0,0
0.0002195,0,0
0.0002196,0,0
0.0002197,0,0
0.0002198,0,0
0.0002199,0,0
0.00022,0,0
0.0002201,0,0
0.0002202,0,0
0.0002203,0,0
0.0002204,0,0
0.0002205,0,1
0.0002206,0,1
0.0002207,0,1
0.0002208,0,1
0.0002209,0,1
0.000221,0,1
0.0002211,0,1
0.0002212,0,1
0.0002213,0,1
0.0002214,0,1
0.0002215,0,1
0.0002216,0,1
0.0002217,0,1
0.0002218,0,1
0.0002219,0,1
0.000222,0,1
0.0002221,0,1
0.0002222,0,1
0.0002223,0,1
0.0002224,0,1
0.0002225,0,1
0.0002226,0,1
0.0002227,0,1
0.0002228,0,1
0.0002229,0,1
0.000223,0,1
0.0002231,0,1
0.0002232,0,1
0.0002233,0,1
0.0002234,0,1
0.0002235,0,1
0.0002236,0,1
0.0002237,0,1
0.0002238,0,1
0.0002239,0,1
0.000224,0,1
0.0002241,0,1
0.0002242,0,1
0.0002243,0,1
0.0002244,0,1
0.0002245,0,1
0.0002246,0,1
0.0002247,0,1
0.0002248,0,1
0.0002249,0,1
0.000225,0,1
0.0002251,0,1
0.0002252,0,1
0.0002253,0,1
0.0002254,0,1
0.0002255,0,0
0.0002256,0,0
0.0002257,0,0
0.0002258,0,0
0.0002259,0,0
0.000226,0,0
0.0002261,0,0
0.0002262,0,0
0.0002263,0,0
0.0002264,0,0
0.0002265,0,0
0.0002266,0,0
0.0002267,0,0
0.0002268,0,0
0.0002269,0,0
0.000227,0,0
0.0002271,0,0
0.0002272,0,0
0.0002273,0,0
0.0002274,0,0
0.0002275,0,0
0.0002276,0,0
0.0002277,0,0
0.0002278,0,0
0.0002279,0,0
0.000228,0,0
0.0002281,0,0
0.0002282,0,0
0.0002283,0,0
0.0002284,0,0
0.0002285,0,0
0.0002286,0,0
0.0002287,0,0
0.0002288,0,0
0.0002289,0,0
0.000229,0,0
0.0002291,0,0
0.0002292,0,0
0.0002293,0,0
0.0002294,0,0
0.0002295,0,0
0.0002296,0,0
0.0002297,0,0
0.0002298,0,0
0.0002299,0,0
0.00023,0,0
0.0002301,0,0
0.0002302,0,0
0.0002303,0,0
0.0002304,0,0
0.0002305,0,0
0.0002306,0,0
0.0002307,0,0
0.0002308,0,0
0.0002309,0,0
0.000231,0,1
0.0002311,0,1
0.0002312,0,1
0.0002313,0,1
0.0002314,0,1
0.0002315,0,1
0.0002316,0,1
0.0002317,0,1
0.0002318,0,1
0.0002319,0,1
0.000232,0,1
0.0002321,0,1
0.0002322,0,1
0.0002323,0,1
0.0002324,0,1
0.0002325,0,1
0.0002326,0,1
0.0002327,0,1
0.0002328,0,1
0.0002329,0,1
0.000233,0,1
0.0002331,0,1
0.0002332,0,1
0.0002333,0,1
0.0002334,0,1
0.0002335,0,1
0.0002336,0,1
0.0002337,0,1
0.0002338,0,1
0.0002339,0,1
0.000234,0,1
0.0002341,0,1
0.0002342,0,1
0.0002343,0,1
0.0002344,0,1
0.0002345,0,1
0.0002346,0,1
0.0002347,0,1
0.0002348,0,1
0.0002349,0,1
0.000235,0,1
0.0002351,0,1
0.0002352,0,1
0.0002353,0,1
0.0002354,0,1
0.0002355,0,1
0.0002356,0,1
0.0002357,0,1
0.0002358,0,1
0.0002359,0,1
0.000236,0,0
0.0002361,0,0
0.0002362,0,0
0.0002363,0,0
0.0002364,0,0
0.0002365,0,0
0.0002366,0,0
0.0002367,0,0
0.0002368,0,0
0.0002369,0,0
0.000237,0,0
0.0002371,0,0
0.0002372,0,0
0.0002373,0,0
0.0002374,0,0
0.0002375,0,0
0.0002376,0,0
0.0002377,0,0
0.0002378,0,0
0.0002379,0,0
0.000238,0,0
0.0002381,0,0
0.0002382,0,0
0.0002383,0,0
0.0002384,0,0
0.0002385,0,0
0.0002386,0,0
0.0002387,0,0
0.0002388,0,0
0.0002389,0,0
0.000239,1,0
0.0002391,1,0
0.0002392,1,0
0.0002393,1,0
0.0002394,1,0
0.0002395,1,0
0.0002396,1,0
0.0002397,1,0
0.0002398,1,0
0.0002399,1,0
0.00024,1,0
0.0002401,1,0
0.0002402,1,0
0.0002403,1,0
0.0002404,1,0
0.0002405,1,0
0.0002406,1,0
0.0002407,1,0
0.0002408,1,0
0.0002409,1,0
0.000241,1,0
0.0002411,1,0
0.0002412,1,0
0.0002413,1,0
0.0002414,1,0
0.0002415,1,1
0.0002416,1,1
0.0002417,1,1
0.0002418,1,1
0.0002419,1,1
0.000242,1,1
0.0002421,1,1
0.0002422,1,1
0.0002423,1,1
0.0002424,1,1
0.0002425,1,1
0.0002426,1,1
0.0002427,1,1
0.0002428,1,1
0.0002429,1,1
0.000243,1,1
0.0002431,1,1
0.0002432,1,1
0.0002433,1,1
0.0002434,1,1
0.0002435,1,1
0.0002436,1,1
0.0002437,1,1
0.0002438,1,1
0.0002439,1,1
0.000244,1,1
0.0002441,1,1
0.0002442,1,1
0.0002443,1,1
0.0002444,1,1
0.0002445,1,1
0.0002446,1,1
0.0002447,1,1
0.0002448,1,1
0.0002449,1,1
0.000245,1,1
0.0002451,1,1
0.0002452,1,1
0.0002453,1,1
0.0002454,1,1
0.0002455,1,1
0.0002456,1,1
0.0002457,1,1
0.0002458,1,1
0.0002459,1,1
0.000246,1,1
0.0002461,1,1
0.0002462,1,1
0.0002463,1,1
0.0002464,1,1
0.0002465,1,0
0.0002466,1,0
0.0002467,1,0
0.0002468,1,0
0.0002469,1,0
0.000247,1,0
0.0002471,1,0
0.0002472,1,0
0.0002473,1,0
0.0002474,1,0
0.0002475,1,0
0.0002476,1,0
0.0002477,1,0
0.0002478,1,0
0.0002479,1,0
0.000248,1,0
0.0002481,1,0
0.0002482,1,0
0.0002483,1,0
0.0002484,1,0
0.0002485,1,0
0.0002486,1,0
0.0002487,1,0
0.0002488,1,0
0.0002489,1,0
0.000249,1,0
0.0002491,1,0
0.0002492,1,0
0.0002493,1,0
0.0002494,1,0
0.0002495,1,0
0.0002496,1,0
0.0002497,1,0
0.0002498,1,0
0.0002499,1,0
0.00025,1,0
0.0002501,1,0
0.0002502,1,0
0.0002503,1,0
0.0002504,1,0
0.0002505,1,0
0.0002506,1,0
0.0002507,1,0
0.0002508,1,0
0.0002509,1,0
0.000251,1,0
0.0002511,1,0
0.0002512,1,0
0.0002513,1,0
0.0002514,1,0
0.0002515,1,0
0.0002516,1,0
0.0002517,1,0
0.0002518,1,0
0.0002519,1,0
0.000252,1,1
0.0002521,1,1
0.0002522,1,1
0.0002523,1,1
0.0002524,1,1
0.0002525,1,1
0.0002526,1,1
0.0002527,1,1
0.0002528,1,1
0.0002529,1,1
0.000253,1,1
0.0002531,1,1
0.0002532,1,1
0.0002533,1,1
0.0002534,1,1
0.0002535,1,1
0.0002536,1,1
0.0002537,1,1
0.0002538,1,1
0.0002539,1,1
0.000254,1,1
0.0002541,1,1
0.0002542,1,1
0.0002543,1,1
0.0002544,1,1
0.0002545,1,1
0.0002546,1,1
0.0002547,1,1
0.0002548,1,1
0.0002549,1,1
0.000255,1,1
0.0002551,1,1
0.0002552,1,1
0.0002553,1,1
0.0002554,1,1
0.0002555,1,1
0.0002556,1,1
0.0002557,1,1
0.0002558,1,1
0.0002559,1,1
0.000256,1,1
0.0002561,1,1
0.0002562,1,1
0.0002563,1,1
0.0002564,1,1
0.0002565,1,1
0.0002566,1,1
0.0002567,1,1
0.0002568,1,1
0.0002569,1,1
0.000257,1,0
0.0002571,1,0
0.0002572,1,0
0.0002573,1,0
0.0002574,1,0
0.0002575,1,0
0.0002576,1,0
0.0002577,1,0
0.0002578,1,0
0.0002579,1,0
0.000258,1,0
0.0002581,1,0
0.0002582,1,0
0.0002583,1,0
0.0002584,1,0
0.0002585,1,0
0.0002586,1,0
0.0002587,1,0
0.0002588,1,0
0.0002589,1,0
0.000259,1,0
0.0002591,1,0
0.0002592,1,0
0.0002593,1,0
0.0002594,1,0
0.0002595,1,0
0.0002596,1,0
0.0002597,1,0
0.0002598,1,0
0.0002599,1,0
0.00026,1,0
0.0002601,1,0
0.0002602,1,0
0.0002603,1,0
0.0002604,1,0
0.0002605,1,0
0.0002606,1,0
0.0002607,1,0
0.0002608,1,0
0.0002609,1,0
0.000261,1,0
0.0002611,1,0
0.0002612,1,0
0.0002613,1,0
0.0002614,1,0
0.0002615,1,0
0.0002616,1,0
0.0002617,1,0
0.0002618,1,0
0.0002619,1,0
0.000262,1,0
0.0002621,1,0
0.0002622,1,0
0.0002623,1,0
0.0002624,1,0
0.0002625,1,1
0.0002626,1,1
0.0002627,1,1
0.0002628,1,1
0.0002629,1,1
0.000263,1,1
0.0002631,1,1
0.0002632,1,1
0.0002633,1,1
0.0002634,1,1
0.0002635,1,1
0.0002636,1,1
0.0002637,1,1
0.0002638,1,1
0.0002639,1,1
0.000264,1,1
0.0002641,1,1
0.0002642,1,1
0.0002643,1,1
0.0002644,1,1
0.0002645,1,1
0.0002646,1,1
0.0002647,1,1
0.0002648,1,1
0.0002649,1,1
0.000265,1,1
0.0002651,1,1
0.0002652,1,1
0.0002653,1,1
0.0002654,1,1
0.0002655,1,1
0.0002656,1,1
0.0002657,1,1
0.0002658,1,1
0.0002659,1,1
0.000266,1,1
0.0002661,1,1
0.0002662,1,1
0.0002663,1,1
0.0002664,1,1
0.0002665,1,1
0.0002666,1,1
0.0002667,1,1
0.0002668,1,1
0.0002669,1,1
0.000267,1,1
0.0002671,1,1
0.0002672,1,1
0.0002673,1,1
0.0002674,1,1
0.0002675,1,0
0.0002676,1,0
0.0002677,1,0
0.0002678,1,0
0.0002679,1,0
0.000268,1,0
0.0002681,1,0
0.0002682,1,0
0.0002683,1,0
0.0002684,1,0
0.0002685,1,0
0.0002686,1,0
0.0002687,1,0
0.0002688,1,0
0.0002689,1,0
0.000269,1,0
0.0002691,1,0
0.0002692,1,0
0.0002693,1,0
0.0002694,1,0
0.0002695,1,0
0.0002696,1,0
0.0002697,1,0
0.0002698,1,0
0.0002699,1,0
0.00027,1,0
0.0002701,1,0
0.0002702,1,0
0.0002703,1,0
0.0002704,1,0
0.0002705,1,0
0.0002706,1,0
0.0002707,1,0
0.0002708,1,0
0.0002709,1,0
0.000271,1,0
0.0002711,1,0
0.0002712,1,0
0.0002713,1,0
0.0002714,1,0
0.0002715,1,0
0.0002716,1,0
0.0002717,1,0
0.0002718,1,0
0.0002719,1,0
0.000272,1,0
0.0002721,1,0
0.0002722,1,0
0.0002723,1,0
0.0002724,1,0
0.0002725,1,0
0.0002726,1,0
0.0002727,1,0
0.0002728,1,0
0.0002729,1,0
0.000273,1,1
0.0002731,1,1
0.0002732,1,1
0.0002733,1,1
0.0002734,1,1
0.0002735,1,1
0.0002736,1,1
0.0002737,1,1
0.0002738,1,1
0.0002739,1,1
0.000274,1,1
0.0002741,1,1
0.0002742,1,1
0.0002743,1,1
0.0002744,1,1
0.0002745,1,1
0.0002746,1,1
0.0002747,1,1
0.0002748,1,1
0.0002749,1,1
0.000275,1,1
0.0002751,1,1
0.0002752,1,1
0.0002753,1,1
0.0002754,1,1
0.0002755,1,1
0.0002756,1,1
0.0002757,1,1
0.0002758,1,1
0.0002759,1,1
0.000276,1,1
0.0002761,1,1
0.0002762,1,1
0.0002763,1,1
0.0002764,1,1
0.0002765,1,1
0.0002766,1,1
0.0002767,1,1
0.0002768,1,1
0.0002769,1,1
0.000277,1,1
0.0002771,1,1
0.0002772,1,1
0.0002773,1,1
0.0002774,1,1
0.0002775,1,1
0.0002776,1,1
0.0002777,1,1
0.0002778,1,1
0.0002779,1,1
0.000278,1,0
0.0002781,1,0
0.0002782,1,0
0.0002783,0,0
0.0002784,0,0
0.0002785,0,0
0.0002786,0,0
0.0002787,0,0
0.0002788,0,0
0.0002789,0,0
0.000279,0,0
0.0002791,0,0
0.0002792,0,0
0.0002793,0,0
0.0002794,0,0
0.0002795,0,0
0.0002796,0,0
0.0002797,0,0
0.0002798,0,0
0.0002799,0,0
0.00028,0,0
0.0002801,0,0
0.0002802,0,0
0.0002803,0,0
0.0002804,0,0
0.0002805,0,0
0.0002806,0,0
0.0002807,0,0
0.0002808,0,0
0.0002809,0,0
0.000281,0,0
0.0002811,0,0
0.0002812,0,0
0.0002813,0,0
0.0002814,0,0
0.0002815,0,0
0.0002816,0,0
0.0002817,0,0
0.0002818,0,0
0.0002819,0,0
0.000282,0,0
0.0002821,0,0
0.0002822,0,0
0.0002823,0,0
0.0002824,0,0
0.0002825,0,0
0.0002826,0,0
0.0002827,0,0
0.0002828,0,0
0.0002829,0,0
0.000283,0,0
0.0002831,0,0
0.0002832,0,0
0.0002833,0,0
0.0002834,0,0
0.0002835,0,0
0.0002836,0,0
0.0002837,0,0
0.0002838,0,0
0.0002839,0,0
0.000284,0,0
0.0002841,0,0
0.0002842,0,0
0.0002843,0,0
0.0002844,0,0
0.0002845,0,0
0.0002846,0,0
0.0002847,0,0
0.0002848,0,0
0.0002849,0,0
0.000285,0,0
0.0002851,0,0
0.0002852,0,0
0.0002853,0,0
0.0002854,0,0
0.0002855,0,0
0.0002856,0,0
0.0002857,0,0
0.0002858,0,0
0.0002859,0,0
0.000286,0,0
0.0002861,0,0
0.0002862,0,0
0.0002863,0,0
0.0002864,0,0
0.0002865,0,0
0.0002866,0,0
0.0002867,0,0
0.0002868,0,0
0.0002869,0,0
0.000287,0,0
0.0002871,0,0
0.0002872,0,0
0.0002873,0,0
0.0002874,0,0
0.0002875,0,0
0.0002876,0,0
0.0002877,0,0
0.0002878,0,0
0.0002879,0,0
0.000288,0,0
0.0002881,0,0
0.0002882,0,0
0.0002883,0,0
0.0002884,0,0
0.0002885,0,0
0.0002886,0,0
0.0002887,0,0
0.0002888,0,0
0.0002889,0,0
0.000289,0,0
0.0002891,0,0
0.0002892,0,0
0.0002893,0,0
0.0002894,0,0
0.0002895,0,0
0.0002896,0,0
0.0002897,0,0
0.0002898,0,0
0.0002899,0,0
0.00029,0,0
0.0002901,0,0
0.0002902,0,0
0.0002903,0,0
0.0002904,0,0
0.0002905,0,0
0.0002906,0,0
0.0002907,0,0
0.0002908,0,0
0.0002909,0,0
0.000291,0,0
0.0002911,0,0
0.0002912,0,0
0.0002913,0,0
0.0002914,0,0
0.0002915,0,0
0.0002916,0,0
0.0002917,0,0
0.0002918,0,0
0.0002919,0,0
0.000292,0,0
0.0002921,0,0
0.0002922,0,0
0.0002923,0,0
0.0002924,0,0
0.0002925,0,0
0.0002926,0,0
0.0002927,0,0
0.0002928,0,0
0.0002929,0,0
0.000293,0,0
0.0002931,0,0
0.0002932,0,0
0.0002933,0,0
0.0002934,0,0
0.0002935,0,0
0.0002936,0,0
0.0002937,0,0
0.0002938,0,0
0.0002939,0,0
0.000294,0,0
0.0002941,0,0
0.0002942,0,0
0.0002943,0,0
0.0002944,0,0
0.0002945,0,0
0.0002946,0,0
0.0002947,0,0
0.0002948,0,0
0.0002949,0,0
0.000295,0,0
0.0002951,0,0
0.0002952,0,0
0.0002953,0,0
0.0002954,0,0
0.0002955,0,0
0.0002956,0,0
0.0002957,0,0
0.0002958,0,0
0.0002959,0,0
0.000296,0,0
0.0002961,0,0
0.0002962,0,0
0.0002963,0,0
0.0002964,0,0
0.0002965,0,0
0.0002966,0,0
0.0002967,0,0
0.0002968,0,0
0.0002969,0,0
0.000297,0,0
0.0002971,0,0
0.0002972,0,0
0.0002973,0,0
0.0002974,0,0
0.0002975,0,0
0.0002976,0,0
0.0002977,0,0
0.0002978,0,0
0.0002979,0,0
0.000298,0,0
0.0002981,0,0
0.0002982,0,0
0.0002983,0,0
0.0002984,0,0
0.0002985,0,0
0.0002986,0,0
0.0002987,0,0
0.0002988,0,0
0.0002989,0,0
0.000299,0,0
0.0002991,0,0
0.0002992,0,0
0.0002993,0,0
0.0002994,0,0
0.0002995,0,0
0.0002996,0,0
0.0002997,0,0
0.0002998,0,0
0.0002999,0,0
0.0003,0,0
0.0003001,0,0
0.0003002,0,0
0.0003003,0,0
0.0003004,0,0
0.0003005,0,0
0.0003006,0,0
0.0003007,0,0
0.0003008,0,0
0.0003009,0,0
0.000301,0,0
0.0003011,0,0
0.0003012,0,0
0.0003013,0,0
0.0003014,0,0
0.0003015,0,0
0.0003016,0,0
0.0003017,0,0
0.0003018,0,0
0.0003019,0,0
0.000302,0,0
0.0003021,0,0
0.0003022,0,0
0.0003023,0,0
0.0003024,0,0
0.0003025,0,0
0.0003026,0,0
0.0003027,0,0
0.0003028,0,0
0.0003029,0,0
0.000303,0,0
0.0003031,0,0
0.0003032,0,0
0.0003033,0,0
0.0003034,0,0
0.0003035,0,0
0.0003036,0,0
0.0003037,0,0
0.0003038,0,0
0.0003039,0,0
0.000304,0,0
0.0003041,0,0
0.0003042,0,0
0.0003043,0,0
0.0003044,0,0
0.0003045,0,0
0.0003046,0,0
0.0003047,0,0
0.0003048,0,0
0.0003049,0,0
0.000305,0,0
0.0003051,0,0
0.0003052,0,0
0.0003053,0,0
0.0003054,0,0
0.0003055,0,0
0.0003056,0,0
0.0003057,0,0
0.0003058,0,0
0.0003059,0,0
0.000306,0,0
0.0003061,0,0
0.0003062,0,0
0.0003063,0,0
0.0003064,0,0
0.0003065,0,0
0.0003066,0,0
0.0003067,0,0
0.0003068,0,0
0.0003069,0,0
0.000307,0,0
0.0003071,0,0
0.0003072,0,0
0.0003073,0,0
0.0003074,0,0
0.0003075,0,0
0.0003076,0,0
0.0003077,0,0
0.0003078,0,0
0.0003079,0,0
0.000308,0,0
0.0003081,0,0
0.0003082,0,0
0.0003083,0,0
0.0003084,0,0
0.0003085,0,0
0.0003086,0,0
0.0003087,0,0
0.0003088,0,0
0.0003089,0,0
0.000309,0,0
0.0003091,0,0
0.0003092,0,0
0.0003093,0,0
0.0003094,0,0
0.0003095,0,0
0.0003096,0,0
0.0003097,0,0
0.0003098,0,0
0.0003099,0,0
0.00031,0,0
0.0003101,0,0
0.0003102,0,0
0.0003103,0,0
0.0003104,0,0
0.0003105,0,0
0.0003106,0,0
0.0003107,0,0
0.0003108,0,0
0.0003109,0,0
0.000311,0,0
0.0003111,0,0
0.0003112,0,0
0.0003113,0,0
0.0003114,0,0
0.0003115,0,0
0.0003116,0,0
0.0003117,0,0
0.0003118,0,0
0.0003119,0,0
0.000312,0,0
0.0003121,0,0
0.0003122,0,0
0.0003123,0,0
0.0003124,0,0
0.0003125,0,0
0.0003126,0,0
0.0003127,0,0
0.0003128,0,0
0.0003129,0,0
0.000313,0,0
0.0003131,0,0
0.0003132,0,0
0.0003133,0,0
0.0003134,0,0
0.0003135,0,0
0.0003136,0,0
0.0003137,0,0
0.0003138,0,0
0.0003139,0,0
0.000314,0,0
0.0003141,0,0
0.0003142,0,0
0.0003143,0,0
0.0003144,0,0
0.0003145,0,0
0.0003146,0,0
0.0003147,0,1
0.0003148,0,1
0.0003149,0,1
0.000315,0,1
0.0003151,0,1
0.0003152,0,1
0.0003153,0,1
0.0003154,0,1
0.0003155,0,1
0.0003156,0,1
0.0003157,0,1
0.0003158,0,1
0.0003159,0,1
0.000316,0,1
0.0003161,0,1
0.0003162,0,1
0.0003163,0,1
0.0003164,0,1
0.0003165,0,1
0.0003166,0,1
0.0003167,0,1
0.0003168,0,1
0.0003169,0,1
0.000317,0,1
0.0003171,0,1
0.0003172,0,1
0.0003173,0,1
0.0003174,0,1
0.0003175,0,1
0.0003176,0,1
0.0003177,0,1
0.0003178,0,1
0.0003179,0,1
0.000318,0,1
0.0003181,0,1
0.0003182,0,1
0.0003183,0,1
0.0003184,0,1
0.0003185,0,1
0.0003186,0,1
0.0003187,0,1
0.0003188,0,1
0.0003189,0,1
0.000319,0,1
0.0003191,0,1
0.0003192,0,1
0.0003193,0,1
0.0003194,0,1
0.0003195,0,1
0.0003196,0,1
0.0003197,0,1
0.0003198,0,1
0.0003199,0,1
0.00032,0,1
0.0003201,0,1
0.0003202,0,1
0.0003203,0,1
0.0003204,0,1
0.0003205,0,1
0.0003206,0,1
0.0003207,0,1
0.0003208,0,1
0.0003209,0,1
0.000321,0,1
0.0003211,0,1
0.0003212,0,1
0.0003213,0,1
0.0003214,0,1
0.0003215,0,1
0.0003216,0,1
0.0003217,0,1
0.0003218,0,1
0.0003219,0,1
0.000322,0,1
0.0003221,0,1
0.0003222,0,1
0.0003223,0,1
0.0003224,0,1
0.0003225,0,1
0.0003226,0,1
0.0003227,0,1
0.0003228,0,1
0.0003229,0,1
0.000323,0,1
0.0003231,0,1
0.0003232,0,1
0.0003233,0,1
0.0003234,0,1
0.0003235,0,1
0.0003236,0,1
0.0003237,0,1
0.0003238,0,1
0.0003239,0,1
0.000324,0,1
0.0003241,0,1
0.0003242,0,1
0.0003243,0,1
0.0003244,0,1
0.0003245,0,1
0.0003246,0,1
0.0003247,0,1
0.0003248,0,1
0.0003249,0,0
0.000325,0,0
0.0003251,0,0
0.0003252,0,0
0.0003253,0,0
0.0003254,0,0
0.0003255,0,0
0.0003256,0,0
0.0003257,0,0
0.0003258,0,0
0.0003259,0,0
0.000326,0,0
0.0003261,0,0
0.0003262,0,0
0.0003263,0,0
0.0003264,0,0
0.0003265,0,0
0.0003266,0,0
0.0003267,0,0
0.0003268,0,0
0.0003269,0,0
0.000327,0,0
0.0003271,0,0
0.0003272,0,0
0.0003273,0,0
0.0003274,0,0
0.0003275,0,0
0.0003276,0,0
0.0003277,0,0
0.0003278,1,0
0.0003279,1,0
0.000328,1,0
0.0003281,1,0
0.0003282,1,0
0.0003283,1,0
0.0003284,1,0
0.0003285,1,0
0.0003286,1,0
0.0003287,1,0
0.0003288,1,0
0.0003289,1,0
0.000329,1,0
0.0003291,1,0
0.0003292,1,0
0.0003293,1,0
0.0003294,1,0
0.0003295,1,0
0.0003296,1,0
0.0003297,1,0
0.0003298,1,0
0.0003299,1,0
0.00033,1,0
0.0003301,1,0
0.0003302,1,0
0.0003303,1,0
0.0003304,1,1
0.0003305,1,1
0.0003306,1,1
0.0003307,1,1
0.0003308,1,1
0.0003309,1,1
0.000331,1,1
0.0003311,1,1
0.0003312,1,1
0.0003313,1,1
0.0003314,1,1
0.0003315,1,1
0.0003316,1,1
0.0003317,1,1
0.0003318,1,1
0.0003319,1,1
0.000332,1,1
0.0003321,1,1
0.0003322,1,1
0.0003323,1,1
0.0003324,1,1
0.0003325,1,1
0.0003326,1,1
0.0003327,1,1
0.0003328,1,1
0.0003329,1,1
0.000333,1,1
0.0003331,1,1
0.0003332,1,1
0.0003333,1,1
0.0003334,1,1
0.0003335,1,1
0.0003336,1,1
0.0003337,1,1
0.0003338,1,1
0.0003339,1,1
0.000334,1,1
0.0003341,1,1
0.0003342,1,1
0.0003343,1,1
0.0003344,1,1
0.0003345,1,1
0.0003346,1,1
0.0003347,1,1
0.0003348,1,1
0.0003349,1,1
0.000335,1,1
0.0003351,1,1
0.0003352,1,1
0.0003353,1,1
0.0003354,1,1
0.0003355,1,1
0.0003356,0,1
0.0003357,0,1
0.0003358,0,1
0.0003359,0,1
0.000336,0,1
0.0003361,0,1
0.0003362,0,1
0.0003363,0,1
0.0003364,0,1
0.0003365,0,1
0.0003366,0,1
0.0003367,0,1
0.0003368,0,1
0.0003369,0,1
0.000337,0,1
0.0003371,0,1
0.0003372,0,1
0.0003373,0,1
0.0003374,0,1
0.0003375,0,1
0.0003376,0,1
0.0003377,0,1
0.0003378,0,1
0.0003379,0,1
0.000338,0,1
0.0003381,0,1
0.0003382,0,1
0.0003383,0,1
0.0003384,0,1
0.0003385,0,1
0.0003386,0,1
0.0003387,0,1
0.0003388,0,1
0.0003389,0,1
0.000339,0,1
0.0003391,0,1
0.0003392,0,1
0.0003393,0,1
0.0003394,0,1
0.0003395,0,1
0.0003396,0,1
0.0003397,0,1
0.0003398,0,1
0.0003399,0,1
0.00034,0,1
0.0003401,0,1
0.0003402,0,1
0.0003403,0,1
0.0003404,0,1
0.0003405,0,1
0.0003406,0,0
0.0003407,0,0
0.0003408,0,0
0.0003409,0,0
0.000341,0,0
0.0003411,0,0
0.0003412,0,0
0.0003413,0,0
0.0003414,0,0
0.0003415,0,0
0.0003416,0,0
0.0003417,0,0
0.0003418,0,0
0.0003419,0,0
0.000342,0,0
0.0003421,0,0
0.0003422,0,0
0.0003423,0,0
0.0003424,0,0
0.0003425,0,0
0.0003426,0,0
0.0003427,0,0
0.0003428,0,0
0.0003429,0,0
0.000343,0,0
0.0003431,0,0
0.0003432,0,0
0.0003433,0,0
0.0003434,0,0
0.0003435,0,0
0.0003436,0,0
0.0003437,0,0
0.0003438,0,0
0.0003439,0,0
0.000344,0,0
0.0003441,0,0
0.0003442,0,0
0.0003443,0,0
0.0003444,0,0
0.0003445,0,0
0.0003446,0,0
0.0003447,0,0
0.0003448,0,0
0.0003449,0,0
0.000345,0,0
0.0003451,0,0
0.0003452,0,0
0.0003453,0,0
0.0003454,0,0
0.0003455,0,0
0.0003456,0,0
0.0003457,0,0
0.0003458,0,0
0.0003459,0,0
0.000346,0,1
0.0003461,0,1
0.0003462,0,1
0.0003463,0,1
0.0003464,0,1
0.0003465,0,1
0.0003466,0,1
0.0003467,0,1
0.0003468,0,1
0.0003469,0,1
0.000347,0,1
0.0003471,0,1
0.0003472,0,1
0.0003473,0,1
0.0003474,0,1
0.0003475,0,1
0.0003476,0,1
0.0003477,0,1
0.0003478,0,1
0.0003479,0,1
0.000348,0,1
0.0003481,0,1
0.0003482,0,1
0.0003483,0,1
0.0003484,0,1
0.0003485,0,1
0.0003486,0,1
0.0003487,0,1
0.0003488,0,1
0.0003489,0,1
0.000349,0,1
0.0003491,0,1
0.0003492,0,1
0.0003493,0,1
0.0003494,0,1
0.0003495,0,1
0.0003496,0,1
0.0003497,0,1
0.0003498,0,1
0.0003499,0,1
0.00035,0,1
0.0003501,0,1
0.0003502,0,1
0.0003503,0,1
0.0003504,0,1
0.0003505,0,1
0.0003506,0,1
0.0003507,0,1
0.0003508,0,1
0.0003509,0,1
0.000351,0,1
0.0003511,0,0
0.0003512,0,0
0.0003513,0,0
0.0003514,0,0
0.0003515,0,0
0.0003516,0,0
0.0003517,0,0
0.0003518,0,0
0.0003519,0,0
0.000352,0,0
0.0003521,0,0
0.0003522,0,0
0.0003523,0,0
0.0003524,0,0
0.0003525,0,0
0.0003526,0,0
0.0003527,0,0
0.0003528,0,0
0.0003529,0,0
0.000353,0,0
0.0003531,0,0
0.0003532,0,0
0.0003533,0,0
0.0003534,0,0
0.0003535,0,0
0.0003536,0,0
0.0003537,0,0
0.0003538,0,0
0.0003539,0,0
0.000354,1,0
0.0003541,1,0
0.0003542,1,0
0.0003543,1,0
0.0003544,1,0
0.0003545,1,0
0.0003546,1,0
0.0003547,1,0
0.0003548,1,0
0.0003549,1,0
0.000355,1,0
0.0003551,1,0
0.0003552,1,0
0.0003553,1,0
0.0003554,1,0
0.0003555,1,0
0.0003556,1,0
0.0003557,1,0
0.0003558,1,0
0.0003559,1,0
0.000356,1,0
0.0003561,1,0
0.0003562,1,0
0.0003563,1,0
0.0003564,1,0
0.0003565,1,1
0.0003566,1,1
0.0003567,1,1
0.0003568,1,1
0.0003569,1,1
0.000357,1,1
0.0003571,1,1
0.0003572,1,1
0.0003573,1,1
0.0003574,1,1
0.0003575,1,1
0.0003576,1,1
0.0003577,1,1
0.0003578,1,1
0.0003579,1,1
0.000358,1,1
0.0003581,1,1
0.0003582,1,1
0.0003583,1,1
0.0003584,1,1
0.0003585,1,1
0.0003586,1,1
0.0003587,1,1
0.0003588,1,1
0.0003589,1,1
0.000359,1,1
0.0003591,1,1
0.0003592,1,1
0.0003593,1,1
0.0003594,1,1
0.0003595,1,1
0.0003596,1,1
0.0003597,1,1
0.0003598,1,1
0.0003599,1,1
0.00036,1,1
0.0003601,1,1
0.0003602,1,1
0.0003603,1,1
0.0003604,1,1
0.0003605,1,1
0.0003606,1,1
0.0003607,1,1
0.0003608,1,1
0.0003609,1,1
0.000361,1,1
0.0003611,1,1
0.0003612,1,1
0.0003613,1,1
0.0003614,1,1
0.0003615,1,1
0.0003616,1,0
0.0003617,1,0
0.0003618,1,0
0.0003619,1,0
0.000362,1,0
0.0003621,1,0
0.0003622,1,0
0.0003623,1,0
0.0003624,1,0
0.0003625,1,0
0.0003626,1,0
0.0003627,1,0
0.0003628,1,0
0.0003629,1,0
0.000363,1,0
0.0003631,1,0
0.0003632,1,0
0.0003633,1,0
0.0003634,1,0
0.0003635,1,0
0.0003636,1,0
0.0003637,1,0
0.0003638,1,0
0.0003639,1,0
0.000364,1,0
0.0003641,0,0
0.0003642,0,0
0.0003643,0,0
0.0003644,0,0
0.0003645,0,0
0.0003646,0,0
0.0003647,0,0
0.0003648,0,0
0.0003649,0,0
0.000365,0,0
0.0003651,0,0
0.0003652,0,0
0.0003653,0,0
0.0003654,0,0
0.0003655,0,0
0.0003656,0,0
0.0003657,0,0
0.0003658,0,0
0.0003659,0,0
0.000366,0,0
0.0003661,0,0
0.0003662,0,0
0.0003663,0,0
0.0003664,0,0
0.0003665,0,0
0.0003666,0,0
0.0003667,0,0
0.0003668,0,0
0.0003669,0,0
0.000367,0,1
0.0003671,0,1
0.0003672,0,1
0.0003673,0,1
0.0003674,0,1
0.0003675,0,1
0.0003676,0,1
0.0003677,0,1
0.0003678,0,1
0.0003679,0,1
0.000368,0,1
0.0003681,0,1
0.0003682,0,1
0.0003683,0,1
0.0003684,0,1
0.0003685,0,1
0.0003686,0,1
0.0003687,0,1
0.0003688,0,1
0.0003689,0,1
0.000369,0,1
0.0003691,0,1
0.0003692,0,1
0.0003693,0,1
0.0003694,0,1
0.0003695,0,1
0.0003696,0,1
0.0003697,0,1
0.0003698,0,1
0.0003699,0,1
0.00037,0,1
0.0003701,0,1
0.0003702,0,1
0.0003703,0,1
0.0003704,0,1
0.0003705,0,1
0.0003706,0,1
0.0003707,0,1
0.0003708,0,1
0.0003709,0,1
0.000371,0,1
0.0003711,0,1
0.0003712,0,1
0.0003713,0,1
0.0003714,0,1
0.0003715,0,1
0.0003716,0,1
0.0003717,0,1
0.0003718,0,1
0.0003719,0,1
0.000372,0,1
0.0003721,0,0
0.0003722,0,0
0.0003723,0,0
0.0003724,0,0
0.0003725,0,0
0.0003726,0,0
0.0003727,0,0
0.0003728,0,0
0.0003729,0,0
0.000373,0,0
0.0003731,0,0
0.0003732,0,0
0.0003733,0,0
0.0003734,0,0
0.0003735,0,0
0.0003736,0,0
0.0003737,0,0
0.0003738,0,0
0.0003739,0,0
0.000374,0,0
0.0003741,0,0
0.0003742,0,0
0.0003743,0,0
0.0003744,0,0
0.0003745,0,0
0.0003746,0,0
0.0003747,0,0
0.0003748,0,0
0.0003749,0,0
0.000375,1,0
0.0003751,1,0
0.0003752,1,0
0.0003753,1,0
0.0003754,1,0
0.0003755,1,0
0.0003756,1,0
0.0003757,1,0
0.0003758,1,0
0.0003759,1,0
0.000376,1,0
0.0003761,1,0
0.0003762,1,0
0.0003763,1,0
0.0003764,1,0
0.0003765,1,0
0.0003766,1,0
0.0003767,1,0
0.0003768,1,0
0.0003769,1,0
0.000377,1,0
0.0003771,1,0
0.0003772,1,0
0.0003773,1,0
0.0003774,1,0
0.0003775,1,1
0.0003776,1,1
0.0003777,1,1
0.0003778,1,1
0.0003779,1,1
0.000378,1,1
0.0003781,1,1
0.0003782,1,1
0.0003783,1,1
0.0003784,1,1
0.0003785,1,1
0.0003786,1,1
0.0003787,1,1
0.0003788,1,1
0.0003789,1,1
0.000379,1,1
0.0003791,1,1
0.0003792,1,1
0.0003793,1,1
0.0003794,1,1
0.0003795,1,1
0.0003796,1,1
0.0003797,1,1
0.0003798,1,1
0.0003799,1,1
0.00038,1,1
0.0003801,1,1
0.0003802,1,1
0.0003803,1,1
0.0003804,1,1
0.0003805,1,1
0.0003806,1,1
0.0003807,1,1
0.0003808,1,1
0.0003809,1,1
0.000381,1,1
0.0003811,1,1
0.0003812,1,1
0.0003813,1,1
0.0003814,1,1
0.0003815,1,1
0.0003816,1,1
0.0003817,1,1
0.0003818,1,1
0.0003819,1,1
0.000382,1,1
0.0003821,1,1
0.0003822,1,1
0.0003823,1,1
0.0003824,1,1
0.0003825,1,1
0.0003826,1,0
0.0003827,1,0
0.0003828,1,0
0.0003829,1,0
0.000383,1,0
0.0003831,1,0
0.0003832,1,0
0.0003833,1,0
0.0003834,1,0
0.0003835,1,0
0.0003836,1,0
0.0003837,1,0
0.0003838,1,0
0.0003839,1,0
0.000384,1,0
0.0003841,1,0
0.0003842,1,0
0.0003843,1,0
0.0003844,1,0
0.0003845,1,0
0.0003846,1,0
0.0003847,1,0
0.0003848,1,0
0.0003849,1,0
0.000385,1,0
0.0003851,0,0
0.0003852,0,0
0.0003853,0,0
0.0003854,0,0
0.0003855,0,0
0.0003856,0,0
0.0003857,0,0
0.0003858,0,0
0.0003859,0,0
0.000386,0,0
0.0003861,0,0
0.0003862,0,0
0.0003863,0,0
0.0003864,0,0
0.0003865,0,0
0.0003866,0,0
0.0003867,0,0
0.0003868,0,0
0.0003869,0,0
0.000387,0,0
0.0003871,0,0
0.0003872,0,0
0.0003873,0,0
0.0003874,0,0
0.0003875,0,0
0.0003876,0,0
0.0003877,0,0
0.0003878,0,0
0.0003879,0,0
0.000388,0,1
0.0003881,0,1
0.0003882,0,1
0.0003883,0,1
0.0003884,0,1
0.0003885,0,1
0.0003886,0,1
0.0003887,0,1
0.0003888,0,1
0.0003889,0,1
0.000389,0,1
0.0003891,0,1
0.0003892,0,1
0.0003893,0,1
0.0003894,0,1
0.0003895,0,1
0.0003896,0,1
0.0003897,0,1
0.0003898,0,1
0.0003899,0,1
0.00039,0,1
0.0003901,0,1
0.0003902,0,1
0.0003903,0,1
0.0003904,0,1
0.0003905,0,1
0.0003906,0,1
0.0003907,0,1
0.0003908,0,1
0.0003909,0,1
0.000391,0,1
0.0003911,0,1
0.0003912,0,1
0.0003913,0,1
0.0003914,0,1
0.0003915,0,1
0.0003916,0,1
0.0003917,0,1
0.0003918,0,1
0.0003919,0,1
0.000392,0,1
0.0003921,0,1
0.0003922,0,1
0.0003923,0,1
0.0003924,0,1
0.0003925,0,1
0.0003926,0,1
0.0003927,0,1
0.0003928,0,1
0.0003929,0,1
0.000393,0,1
0.0003931,0,0
0.0003932,0,0
0.0003933,0,0
0.0003934,0,0
0.0003935,0,0
0.0003936,0,0
0.0003937,0,0
0.0003938,0,0
0.0003939,0,0
0.000394,0,0
0.0003941,0,0
0.0003942,0,0
0.0003943,0,0
0.0003944,0,0
0.0003945,0,0
0.0003946,0,0
0.0003947,0,0
0.0003948,0,0
0.0003949,0,0
0.000395,0,0
0.0003951,0,0
0.0003952,0,0
0.0003953,0,0
0.0003954,0,0
0.0003955,0,0
0.0003956,0,0
0.0003957,0,0
0.0003958,0,0
0.0003959,0,0
0.000396,0,0
0.0003961,0,0
0.0003962,0,0
0.0003963,0,0
0.0003964,0,0
0.0003965,0,0
0.0003966,0,0
0.0003967,0,0
0.0003968,0,0
0.0003969,0,0
0.000397,0,0
0.0003971,0,0
0.0003972,0,0
0.0003973,0,0
0.0003974,0,0
0.0003975,0,0
0.0003976,0,0
0.0003977,0,0
0.0003978,0,0
0.0003979,0,0
0.000398,0,0
0.0003981,0,0
0.0003982,0,0
0.0003983,0,0
0.0003984,0,0
0.0003985,0,1
0.0003986,0,1
0.0003987,0,1
0.0003988,0,1
0.0003989,0,1
0.000399,0,1
0.0003991,0,1
0.0003992,0,1
0.0003993,0,1
0.0003994,0,1
0.0003995,0,1
0.0003996,0,1
0.0003997,0,1
0.0003998,0,1
0.0003999,0,1
0.0004,0,1
0.0004001,0,1
0.0004002,0,1
0.0004003,0,1
0.0004004,0,1
0.0004005,0,1
0.0004006,0,1
0.0004007,0,1
0.0004008,0,1
0.0004009,0,1
0.000401,0,1
0.0004011,0,1
0.0004012,0,1
0.0004013,0,1
0.0004014,0,1
0.0004015,0,1
0.0004016,0,1
0.0004017,0,1
0.0004018,0,1
0.0004019,0,1
0.000402,0,1
0.0004021,0,1
0.0004022,0,1
0.0004023,0,1
0.0004024,0,1
0.0004025,0,1
0.0004026,0,1
0.0004027,0,1
0.0004028,0,1
0.0004029,0,1
0.000403,0,1
0.0004031,0,1
0.0004032,0,1
0.0004033,0,1
0.0004034,0,1
0.0004035,0,1
0.0004036,0,0
0.0004037,0,0
0.0004038,0,0
0.0004039,0,0
0.000404,0,0
0.0004041,0,0
0.0004042,0,0
0.0004043,0,0
0.0004044,0,0
0.0004045,0,0
0.0004046,0,0
0.0004047,0,0
0.0004048,0,0
0.0004049,0,0
0.000405,0,0
0.0004051,0,0
0.0004052,0,0
0.0004053,0,0
0.0004054,0,0
0.0004055,0,0
0.0004056,0,0
0.0004057,0,0
0.0004058,0,0
0.0004059,0,0
0.000406,0,0
0.0004061,0,0
0.0004062,0,0
0.0004063,0,0
0.0004064,0,0
0.0004065,1,0
0.0004066,1,0
0.0004067,1,0
0.0004068,1,0
0.0004069,1,0
0.000407,1,0
0.0004071,1,0
0.0004072,1,0
0.0004073,1,0
0.0004074,1,0
0.0004075,1,0
0.0004076,1,0
0.0004077,1,0
0.0004078,1,0
0.0004079,1,0
0.000408,1,0
0.0004081,1,0
0.0004082,1,0
0.0004083,1,0
0.0004084,1,0
0.0004085,1,0
0.0004086,1,0
0.0004087,1,0
0.0004088,1,0
0.0004089,1,0
0.000409,1,1
0.0004091,1,1
0.0004092,1,1
0.0004093,1,1
0.0004094,1,1
0.0004095,1,1
0.0004096,1,1
0.0004097,1,1
0.0004098,1,1
0.0004099,1,1
0.00041,1,1
0.0004101,1,1
0.0004102,1,1
0.0004103,1,1
0.0004104,1,1
0.0004105,1,1
0.0004106,1,1
0.0004107,1,1
0.0004108,1,1
0.0004109,1,1
0.000411,1,1
0.0004111,1,1
0.0004112,1,1
0.0004113,1,1
0.0004114,1,1
0.0004115,1,1
0.0004116,1,1
0.0004117,1,1
0.0004118,1,1
0.0004119,1,1
0.000412,1,1
0.0004121,1,1
0.0004122,1,1
0.0004123,1,1
0.0004124,1,1
0.0004125,1,1
0.0004126,1,1
0.0004127,1,1
0.0004128,1,1
0.0004129,1,1
0.000413,1,1
0.0004131,1,1
0.0004132,1,1
0.0004133,1,1
0.0004134,1,1
0.0004135,1,1
0.0004136,1,1
0.0004137,1,1
0.0004138,1,1
0.0004139,1,1
0.000414,1,1
0.0004141,1,0
0.0004142,1,0
0.0004143,1,0
0.0004144,1,0
0.0004145,1,0
0.0004146,1,0
0.0004147,1,0
0.0004148,1,0
0.0004149,1,0
0.000415,1,0
0.0004151,1,0
0.0004152,1,0
0.0004153,1,0
0.0004154,1,0
0.0004155,1,0
0.0004156,1,0
0.0004157,1,0
0.0004158,1,0
0.0004159,1,0
0.000416,1,0
0.0004161,1,0
0.0004162,1,0
0.0004163,1,0
0.0004164,1,0
0.0004165,1,0
0.0004166,1,0
0.0004167,1,0
0.0004168,1,0
0.0004169,1,0
0.000417,1,0
0.0004171,1,0
0.0004172,1,0
0.0004173,1,0
0.0004174,1,0
0.0004175,1,0
0.0004176,1,0
0.0004177,1,0
0.0004178,1,0
0.0004179,1,0
0.000418,1,0
0.0004181,1,0
0.0004182,1,0
0.0004183,1,0
0.0004184,1,0
0.0004185,1,0
0.0004186,1,0
0.0004187,1,0
0.0004188,1,0
0.0004189,1,0
0.000419,1,0
0.0004191,1,0
0.0004192,1,0
0.0004193,1,0
0.0004194,1,0
0.0004195,1,1
0.0004196,1,1
0.0004197,1,1
0.0004198,1,1
0.0004199,1,1
0.00042,1,1
0.0004201,1,1
0.0004202,1,1
0.0004203,1,1
0.0004204,1,1
0.0004205,1,1
0.0004206,1,1
0.0004207,1,1
0.0004208,1,1
0.0004209,1,1
0.000421,1,1
0.0004211,1,1
0.0004212,1,1
0.0004213,1,1
0.0004214,1,1
0.0004215,1,1
0.0004216,1,1
0.0004217,1,1
0.0004218,1,1
0.0004219,1,1
0.000422,1,1
0.0004221,1,1
0.0004222,1,1
0.0004223,1,1
0.0004224,1,1
0.0004225,1,1
0.0004226,1,1
0.0004227,1,1
0.0004228,1,1
0.0004229,1,1
0.000423,1,1
0.0004231,1,1
0.0004232,1,1
0.0004233,1,1
0.0004234,1,1
0.0004235,1,1
0.0004236,1,1
0.0004237,1,1
0.0004238,1,1
0.0004239,1,1
0.000424,1,1
0.0004241,1,1
0.0004242,1,1
0.0004243,1,1
0.0004244,1,1
0.0004245,1,1
0.0004246,1,0
0.0004247,1,0
0.0004248,1,0
0.0004249,0,0
0.000425,0,0
0.0004251,0,0
0.0004252,0,0
0.0004253,0,0
0.0004254,0,0
0.0004255,0,0
0.0004256,0,0
0.0004257,0,0
0.0004258,0,0
0.0004259,0,0
0.000426,0,0
0.0004261,0,0
0.0004262,0,0
0.0004263,0,0
0.0004264,0,0
0.0004265,0,0
0.0004266,0,0
0.0004267,0,0
0.0004268,0,0
0.0004269,0,0
0.000427,0,0
0.0004271,0,0
0.0004272,0,0
0.0004273,0,0
0.0004274,0,0
0.0004275,0,0
0.0004276,0,0
0.0004277,0,0
0.0004278,0,0
0.0004279,0,0
0.000428,0,0
0.0004281,0,0
0.0004282,0,0
0.0004283,0,0
0.0004284,0,0
0.0004285,0,0
0.0004286,0,0
0.0004287,0,0
0.0004288,0,0
0.0004289,0,0
0.000429,0,0
0.0004291,0,0
0.0004292,0,0
0.0004293,0,0
0.0004294,0,0
0.0004295,0,0
0.0004296,0,0
0.0004297,0,0
0.0004298,0,0
0.0004299,0,0
0.00043,0,1
0.0004301,0,1
0.0004302,0,1
0.0004303,0,1
0.0004304,0,1
0.0004305,0,1
0.0004306,0,1
0.0004307,0,1
0.0004308,0,1
0.0004309,0,1
0.000431,0,1
0.0004311,0,1
0.0004312,0,1
0.0004313,0,1
0.0004314,0,1
0.0004315,0,1
0.0004316,0,1
0.0004317,0,1
0.0004318,0,1
0.0004319,0,1
0.000432,0,1
0.0004321,0,1
0.0004322,0,1
0.0004323,0,1
0.0004324,0,1
0.0004325,0,1
0.0004326,0,1
0.0004327,0,1
0.0004328,0,1
0.0004329,0,1
0.000433,0,1
0.0004331,0,1
0.0004332,0,1
0.0004333,0,1
0.0004334,0,1
0.0004335,0,1
0.0004336,0,1
0.0004337,0,1
0.0004338,0,1
0.0004339,0,1
0.000434,0,1
0.0004341,0,1
0.0004342,0,1
0.0004343,0,1
0.0004344,0,1
0.0004345,0,1
0.0004346,0,1
0.0004347,0,1
0.0004348,0,1
0.0004349,0,1
0.000435,0,1
0.0004351,0,0
0.0004352,0,0
0.0004353,0,0
0.0004354,0,0
0.0004355,0,0
0.0004356,1,0
0.0004357,1,0
0.0004358,1,0
0.0004359,1,0
0.000436,1,0
0.0004361,1,0
0.0004362,1,0
0.0004363,1,0
0.0004364,1,0
0.0004365,1,0
0.0004366,1,0
0.0004367,1,0
0.0004368,1,0
0.0004369,1,0
0.000437,1,0
0.0004371,1,0
0.0004372,1,0
0.0004373,1,0
0.0004374,1,0
0.0004375,1,0
0.0004376,1,0
0.0004377,1,0
0.0004378,1,0
0.0004379,1,0
0.000438,1,0
0.0004381,1,0
0.0004382,1,0
0.0004383,1,0
0.0004384,1,0
0.0004385,1,0
0.0004386,1,0
0.0004387,1,0
0.0004388,1,0
0.0004389,1,0
0.000439,1,0
0.0004391,1,0
0.0004392,1,0
0.0004393,1,0
0.0004394,1,0
0.0004395,1,0
0.0004396,1,0
0.0004397,1,0
0.0004398,1,0
0.0004399,1,0
0.00044,1,0
0.0004401,1,0
0.0004402,1,0
0.0004403,1,0
0.0004404,1,0
0.0004405,1,0
0.0004406,1,0
0.0004407,1,0
0.0004408,1,0
0.0004409,1,0
0.000441,1,0
0.0004411,1,0
0.0004412,1,0
0.0004413,1,0
0.0004414,1,0
0.0004415,1,0
0.0004416,1,0
0.0004417,1,0
0.0004418,1,0
0.0004419,1,0
0.000442,1,0
0.0004421,1,0
0.0004422,1,0
0.0004423,1,0
0.0004424,1,0
0.0004425,1,0
0.0004426,1,0
0.0004427,1,0
0.0004428,1,0
0.0004429,1,0
0.000443,1,0
0.0004431,1,0
0.0004432,1,0
0.0004433,1,0
0.0004434,1,0
0.0004435,1,0
0.0004436,1,0
0.0004437,1,0
0.0004438,1,0
0.0004439,1,0
0.000444,1,0
0.0004441,1,0
0.0004442,1,0
0.0004443,1,0
0.0004444,1,0
0.0004445,1,0
0.0004446,1,0
0.0004447,1,0
0.0004448,1,0
0.0004449,1,0
0.000445,1,0
0.0004451,1,0
0.0004452,1,0
0.0004453,1,0
0.0004454,1,0
0.0004455,1,0
0.0004456,1,0
0.0004457,1,0
0.0004458,1,0
0.0004459,1,0
0.000446,1,0
0.0004461,1,0
0.0004462,1,0
0.0004463,1,0
0.0004464,1,0
0.0004465,1,0
0.0004466,1,0
0.0004467,1,0
0.0004468,1,0
0.0004469,1,0
0.000447,1,0
0.0004471,1,0
0.0004472,1,0
0.0004473,1,0
0.0004474,1,0
0.0004475,1,0
0.0004476,1,0
0.0004477,1,0
0.0004478,1,0
0.0004479,1,0
0.000448,1,0
0.0004481,1,0
0.0004482,1,0
0.0004483,1,0
0.0004484,1,0
0.0004485,1,0
0.0004486,1,0
0.0004487,1,0
0.0004488,1,0
0.0004489,1,0
0.000449,1,0
0.0004491,1,0
0.0004492,1,0
0.0004493,1,0
0.0004494,1,0
0.0004495,1,0
0.0004496,1,0
0.0004497,1,0
0.0004498,1,0
0.0004499,1,0
0.00045,1,0
0.0004501,1,0
0.0004502,1,0
0.0004503,1,0
0.0004504,1,0
0.0004505,1,0
0.0004506,1,0
0.0004507,1,0
0.0004508,1,0
0.0004509,1,0
0.000451,1,0
0.0004511,1,0
0.0004512,1,0
0.0004513,1,0
0.0004514,1,0
0.0004515,1,0
0.0004516,1,0
0.0004517,1,0
0.0004518,1,0
0.0004519,1,0
0.000452,1,0
0.0004521,1,0
0.0004522,1,0
0.0004523,1,0
0.0004524,1,0
0.0004525,1,0
0.0004526,1,0
0.0004527,1,0
0.0004528,1,0
0.0004529,1,0
0.000453,1,0
0.0004531,1,0
0.0004532,1,0
0.0004533,1,0
0.0004534,1,0
0.0004535,1,0
0.0004536,1,0
0.0004537,1,0
0.0004538,1,0
0.0004539,1,0
0.000454,1,0
0.0004541,1,1
0.0004542,1,1
0.0004543,1,1
0.0004544,1,1
0.0004545,1,1
0.0004546,1,1
0.0004547,1,1
0.0004548,1,1
0.0004549,1,1
0.000455,1,1
0.0004551,1,1
0.0004552,1,1
0.0004553,1,1
0.0004554,1,1
0.0004555,1,1
0.0004556,1,1
0.0004557,1,1
0.0004558,1,1
0.0004559,1,1
0.000456,1,1
0.0004561,1,1
0.0004562,1,1
0.0004563,1,1
0.0004564,1,1
0.0004565,1,1
0.0004566,1,1
0.0004567,1,1
0.0004568,1,1
0.0004569,1,1
0.000457,1,1
0.0004571,1,1
0.0004572,1,1
0.0004573,1,1
0.0004574,1,1
0.0004575,1,1
0.0004576,1,1
0.0004577,1,1
0.0004578,1,1
0.0004579,1,1
0.000458,1,1
0.0004581,1,1
0.0004582,1,1
0.0004583,1,1
0.0004584,1,1
0.0004585,1,1
0.0004586,1,1
0.0004587,1,1
0.0004588,1,1
0.0004589,1,1
0.000459,1,1
0.0004591,1,0
0.0004592,1,0
0.0004593,1,0
0.0004594,1,0
0.0004595,1,0
0.0004596,1,0
0.0004597,1,0
0.0004598,1,0
0.0004599,1,0
0.00046,1,0
0.0004601,1,0
0.0004602,1,0
0.0004603,1,0
0.0004604,1,0
0.0004605,1,0
0.0004606,1,0
0.0004607,1,0
0.0004608,1,0
0.0004609,1,0
0.000461,1,0
0.0004611,1,0
0.0004612,1,0
0.0004613,1,0
0.0004614,1,0
0.0004615,1,0
0.0004616,1,0
0.0004617,1,0
0.0004618,1,0
0.0004619,1,0
0.000462,1,0
0.0004621,1,0
0.0004622,1,0
0.0004623,1,0
0.0004624,1,0
0.0004625,1,0
0.0004626,1,0
0.0004627,1,0
0.0004628,1,0
0.0004629,1,0
0.000463,1,0
0.0004631,1,0
0.0004632,1,0
0.0004633,1,0
0.0004634,1,0
0.0004635,1,0
0.0004636,1,0
0.0004637,1,0
0.0004638,1,0
0.0004639,1,0
0.000464,1,0
0.0004641,1,0
0.0004642,1,0
0.0004643,1,0
0.0004644,1,0
0.0004645,1,0
0.0004646,1,1
0.0004647,1,1
0.0004648,1,1
0.0004649,1,1
0.000465,1,1
0.0004651,1,1
0.0004652,1,1
0.0004653,1,1
0.0004654,1,1
0.0004655,1,1
0.0004656,1,1
0.0004657,1,1
0.0004658,1,1
0.0004659,1,1
0.000466,1,1
0.0004661,1,1
0.0004662,1,1
0.0004663,1,1
0.0004664,1,1
0.0004665,1,1
0.0004666,1,1
0.0004667,1,1
0.0004668,1,1
0.0004669,1,1
0.000467,1,1
0.0004671,1,1
0.0004672,1,1
0.0004673,1,1
0.0004674,1,1
0.0004675,1,1
0.0004676,1,1
0.0004677,1,1
0.0004678,1,1
0.0004679,1,1
0.000468,1,1
0.0004681,1,1
0.0004682,1,1
0.0004683,1,1
0.0004684,1,1
0.0004685,1,1
0.0004686,1,1
0.0004687,1,1
0.0004688,1,1
0.0004689,1,1
0.000469,1,1
0.0004691,1,1
0.0004692,1,1
0.0004693,1,1
0.0004694,1,1
0.0004695,1,1
0.0004696,1,0
0.0004697,1,0
0.0004698,1,0
0.0004699,1,0
0.00047,1,0
0.0004701,1,0
0.0004702,1,0
0.0004703,1,0
0.0004704,1,0
0.0004705,1,0
0.0004706,1,0
0.0004707,1,0
0.0004708,1,0
0.0004709,1,0
0.000471,1,0
0.0004711,1,0
0.0004712,1,0
0.0004713,1,0
0.0004714,1,0
0.0004715,1,0
0.0004716,1,0
0.0004717,1,0
0.0004718,1,0
0.0004719,1,0
0.000472,1,0
0.0004721,1,0
0.0004722,1,0
0.0004723,1,0
0.0004724,1,0
0.0004725,1,0
0.0004726,1,0
0.0004727,1,0
0.0004728,1,0
0.0004729,1,0
0.000473,1,0
0.0004731,1,0
0.0004732,1,0
0.0004733,1,0
0.0004734,1,0
0.0004735,1,0
0.0004736,1,0
0.0004737,1,0
0.0004738,1,0
0.0004739,1,0
0.000474,1,0
0.0004741,1,0
0.0004742,1,0
0.0004743,1,0
0.0004744,1,0
0.0004745,1,0
0.0004746,1,0
0.0004747,1,0
0.0004748,1,0
0.0004749,1,0
0.000475,1,0
0.0004751,1,1
0.0004752,1,1
0.0004753,1,1
0.0004754,1,1
0.0004755,1,1
0.0004756,1,1
0.0004757,1,1
0.0004758,1,1
0.0004759,1,1
0.000476,1,1
0.0004761,1,1
0.0004762,1,1
0.0004763,1,1
0.0004764,1,1
0.0004765,1,1
0.0004766,1,1
0.0004767,1,1
0.0004768,1,1
0.0004769,1,1
0.000477,1,1
0.0004771,1,1
0.0004772,1,1
0.0004773,1,1
0.0004774,1,1
0.0004775,1,1
0.0004776,1,1
0.0004777,1,1
0.0004778,1,1
0.0004779,1,1
0.000478,1,1
0.0004781,1,1
0.0004782,1,1
0.0004783,1,1
0.0004784,1,1
0.0004785,1,1
0.0004786,1,1
0.0004787,1,1
0.0004788,1,1
0.0004789,1,1
0.000479,1,1
0.0004791,1,1
0.0004792,1,1
0.0004793,1,1
0.0004794,1,1
0.0004795,1,1
0.0004796,1,1
0.0004797,1,1
0.0004798,1,1
0.0004799,1,1
0.00048,1,1
0.0004801,1,0
0.0004802,1,0
0.0004803,1,0
0.0004804,0,0
0.0004805,0,0
0.0004806,0,0
0.0004807,0,0
0.0004808,0,0
0.0004809,0,0
0.000481,0,0
0.0004811,0,0
0.0004812,0,0
0.0004813,0,0
0.0004814,0,0
0.0004815,0,0
0.0004816,0,0
0.0004817,0,0
0.0004818,0,0
0.0004819,0,0
0.000482,0,0
0.0004821,0,0
0.0004822,0,0
0.0004823,0,0
0.0004824,0,0
0.0004825,0,0
0.0004826,0,0
0.0004827,0,0
0.0004828,0,0
0.0004829,0,0
0.000483,0,0
0.0004831,0,0
0.0004832,0,0
0.0004833,0,0
0.0004834,0,0
0.0004835,0,0
0.0004836,0,0
0.0004837,0,0
0.0004838,0,0
0.0004839,0,0
0.000484,0,0
0.0004841,0,0
0.0004842,0,0
0.0004843,0,0
0.0004844,0,0
0.0004845,0,0
0.0004846,0,0
0.0004847,0,0
0.0004848,0,0
0.0004849,0,0
0.000485,0,0
0.0004851,0,0
0.0004852,0,0
0.0004853,0,0
0.0004854,0,0
0.0004855,0,0
0.0004856,0,1
0.0004857,0,1
0.0004858,0,1
0.0004859,0,1
0.000486,0,1
0.0004861,0,1
0.0004862,0,1
0.0004863,0,1
0.0004864,0,1
0.0004865,0,1
0.0004866,0,1
0.0004867,0,1
0.0004868,0,1
0.0004869,0,1
0.000487,0,1
0.0004871,0,1
0.0004872,0,1
0.0004873,0,1
0.0004874,0,1
0.0004875,0,1
0.0004876,0,1
0.0004877,0,1
0.0004878,0,1
0.0004879,0,1
0.000488,0,1
0.0004881,0,1
0.0004882,0,1
0.0004883,0,1
0.0004884,0,1
0.0004885,0,1
0.0004886,0,1
0.0004887,0,1
0.0004888,0,1
0.0004889,0,1
0.000489,0,1
0.0004891,0,1
0.0004892,0,1
0.0004893,0,1
0.0004894,0,1
0.0004895,0,1
0.0004896,0,1
0.0004897,0,1
0.0004898,0,1
0.0004899,0,1
0.00049,0,1
0.0004901,0,1
0.0004902,0,1
0.0004903,0,1
0.0004904,0,1
0.0004905,0,1
0.0004906,0,0
0.0004907,0,0
0.0004908,0,0
0.0004909,0,0
0.000491,0,0
0.0004911,0,0
0.0004912,1,0
0.0004913,1,0
0.0004914,1,0
0.0004915,1,0
0.0004916,1,0
0.0004917,1,0
0.0004918,1,0
0.0004919,1,0
0.000492,1,0
0.0004921,1,0
0.0004922,1,0
0.0004923,1,0
0.0004924,1,0
0.0004925,1,0
0.0004926,1,0
0.0004927,1,0
0.0004928,1,0
0.0004929,1,0
0.000493,1,0
0.0004931,1,0
0.0004932,1,0
0.0004933,1,0
0.0004934,1,0
0.0004935,1,0
0.0004936,1,0
0.0004937,1,0
0.0004938,1,0
0.0004939,1,0
0.000494,1,0
0.0004941,1,0
0.0004942,1,0
0.0004943,1,0
0.0004944,1,0
0.0004945,1,0
0.0004946,1,0
0.0004947,1,0
0.0004948,1,0
0.0004949,1,0
0.000495,1,0
0.0004951,1,0
0.0004952,1,0
0.0004953,1,0
0.0004954,1,0
0.0004955,1,0
0.0004956,1,0
0.0004957,1,0
0.0004958,1,0
0.0004959,1,0
0.000496,1,0
0.0004961,1,1
0.0004962,1,1
0.0004963,1,1
0.0004964,1,1
0.0004965,1,1
0.0004966,1,1
0.0004967,1,1
0.0004968,1,1
0.0004969,1,1
0.000497,1,1
0.0004971,1,1
0.0004972,1,1
0.0004973,1,1
0.0004974,1,1
0.0004975,1,1
0.0004976,1,1
0.0004977,1,1
0.0004978,1,1
0.0004979,1,1
0.000498,1,1
0.0004981,1,1
0.0004982,1,1
0.0004983,1,1
0.0004984,1,1
0.0004985,1,1
0.0004986,1,1
0.0004987,1,1
0.0004988,1,1
0.0004989,1,1
0.000499,1,1
0.0004991,1,1
0.0004992,1,1
0.0004993,1,1
0.0004994,1,1
0.0004995,1,1
0.0004996,1,1
0.0004997,1,1
0.0004998,1,1
0.0004999,1,1
0.0005,1,1
0.0005001,1,1
0.0005002,1,1
0.0005003,1,1
0.0005004,1,1
0.0005005,1,1
0.0005006,1,1
0.0005007,1,1
0.0005008,1,1
0.0005009,1,1
0.000501,1,1
0.0005011,1,0
0.0005012,1,0
0.0005013,1,0
0.0005014,0,0
0.0005015,0,0
0.0005016,0,0
0.0005017,0,0
0.0005018,0,0
0.0005019,0,0
0.000502,0,0
0.0005021,0,0
0.0005022,0,0
0.0005023,0,0
0.0005024,0,0
0.0005025,0,0
0.0005026,0,0
0.0005027,0,0
0.0005028,0,0
0.0005029,0,0
0.000503,0,0
0.0005031,0,0
0.0005032,0,0
0.0005033,0,0
0.0005034,0,0
0.0005035,0,0
0.0005036,0,0
0.0005037,0,0
0.0005038,0,0
0.0005039,0,0
0.000504,0,0
0.0005041,0,0
0.0005042,0,0
0.0005043,0,0
0.0005044,0,0
0.0005045,0,0
0.0005046,0,0
0.0005047,0,0
0.0005048,0,0
0.0005049,0,0
0.000505,0,0
0.0005051,0,0
0.0005052,0,0
0.0005053,0,0
0.0005054,0,0
0.0005055,0,0
0.0005056,0,0
0.0005057,0,0
0.0005058,0,0
0.0005059,0,0
0.000506,0,0
0.0005061,0,0
0.0005062,0,0
0.0005063,0,0
0.0005064,0,0
0.0005065,0,0
0.0005066,0,1
0.0005067,0,1
0.0005068,0,1
0.0005069,0,1
0.000507,0,1
0.0005071,0,1
0.0005072,0,1
0.0005073,0,1
0.0005074,0,1
0.0005075,0,1
0.0005076,0,1
0.0005077,0,1
0.0005078,0,1
0.0005079,0,1
0.000508,0,1
0.0005081,0,1
0.0005082,0,1
0.0005083,0,1
0.0005084,0,1
0.0005085,0,1
0.0005086,0,1
0.0005087,0,1
0.0005088,0,1
0.0005089,0,1
0.000509,0,1
0.0005091,0,1
0.0005092,0,1
0.0005093,0,1
0.0005094,0,1
0.0005095,0,1
0.0005096,0,1
0.0005097,0,1
0.0005098,0,1
0.0005099,0,1
0.00051,0,1
0.0005101,0,1
0.0005102,0,1
0.0005103,0,1
0.0005104,0,1
0.0005105,0,1
0.0005106,0,1
0.0005107,0,1
0.0005108,0,1
0.0005109,0,1
0.000511,0,1
0.0005111,0,1
0.0005112,0,1
0.0005113,0,1
0.0005114,0,1
0.0005115,0,1
0.0005116,0,0
0.0005117,0,0
0.0005118,0,0
0.0005119,0,0
0.000512,0,0
0.0005121,0,0
0.0005122,1,0
0.0005123,1,0
0.0005124,1,0
0.0005125,1,0
0.0005126,1,0
0.0005127,1,0
0.0005128,1,0
0.0005129,1,0
0.000513,1,0
0.0005131,1,0
0.0005132,1,0
0.0005133,1,0
0.0005134,1,0
0.0005135,1,0
0.0005136,1,0
0.0005137,1,0
0.0005138,1,0
0.0005139,1,0
0.000514,1,0
0.0005141,1,0
0.0005142,1,0
0.0005143,1,0
0.0005144,1,0
0.0005145,1,0
0.0005146,1,0
0.0005147,1,0
0.0005148,1,0
0.0005149,1,0
0.000515,1,0
0.0005151,1,0
0.0005152,1,0
0.0005153,1,0
0.0005154,1,0
0.0005155,1,0
0.0005156,1,0
0.0005157,1,0
0.0005158,1,0
0.0005159,1,0
0.000516,1,0
0.0005161,1,0
0.0005162,1,0
0.0005163,1,0
0.0005164,1,0
0.0005165,1,0
0.0005166,1,0
0.0005167,1,0
0.0005168,1,0
0.0005169,1,0
0.000517,1,0
0.0005171,1,1
0.0005172,1,1
0.0005173,1,1
0.0005174,1,1
0.0005175,1,1
0.0005176,1,1
0.0005177,1,1
0.0005178,1,1
0.0005179,1,1
0.000518,1,1
0.0005181,1,1
0.0005182,1,1
0.0005183,1,1
0.0005184,1,1
0.0005185,1,1
0.0005186,1,1
0.0005187,1,1
0.0005188,1,1
0.0005189,1,1
0.000519,1,1
0.0005191,1,1
0.0005192,1,1
0.0005193,1,1
0.0005194,1,1
0.0005195,1,1
0.0005196,1,1
0.0005197,1,1
0.0005198,1,1
0.0005199,1,1
0.00052,1,1
0.0005201,1,1
0.0005202,1,1
0.0005203,1,1
0.0005204,1,1
0.0005205,1,1
0.0005206,1,1
0.0005207,1,1
0.0005208,1,1
0.0005209,1,1
0.000521,1,1
0.0005211,1,1
0.0005212,1,1
0.0005213,1,1
0.0005214,1,1
0.0005215,1,1
0.0005216,1,1
0.0005217,1,1
0.0005218,1,1
0.0005219,1,1
0.000522,1,1
0.0005221,1,0
0.0005222,1,0
0.0005223,1,0
0.0005224,0,0
0.0005225,0,0
0.0005226,0,0
0.0005227,0,0
0.0005228,0,0
0.0005229,0,0
0.000523,0,0
0.0005231,0,0
0.0005232,0,0
0.0005233,0,0
0.0005234,0,0
0.0005235,0,0
0.0005236,0,0
0.0005237,0,0
0.0005238,0,0
0.0005239,0,0
0.000524,0,0
0.0005241,0,0
0.0005242,0,0
0.0005243,0,0
0.0005244,0,0
0.0005245,0,0
0.0005246,0,0
0.0005247,0,0
0.0005248,0,0
0.0005249,0,0
0.000525,0,0
0.0005251,0,0
0.0005252,0,0
0.0005253,0,0
0.0005254,0,0
0.0005255,0,0
0.0005256,0,0
0.0005257,0,0
0.0005258,0,0
0.0005259,0,0
0.000526,0,0
0.0005261,0,0
0.0005262,0,0
0.0005263,0,0
0.0005264,0,0
0.0005265,0,0
0.0005266,0,0
0.0005267,0,0
0.0005268,0,0
0.0005269,0,0
0.000527,0,0
0.0005271,0,0
0.0005272,0,0
0.0005273,0,0
0.0005274,0,0
0.0005275,0,0
0.0005276,0,1
0.0005277,0,1
0.0005278,0,1
0.0005279,0,1
0.000528,0,1
0.0005281,0,1
0.0005282,0,1
0.0005283,0,1
0.0005284,0,1
0.0005285,0,1
0.0005286,0,1
0.0005287,0,1
0.0005288,0,1
0.0005289,0,1
0.000529,0,1
0.0005291,0,1
0.0005292,0,1
0.0005293,0,1
0.0005294,0,1
0.0005295,0,1
0.0005296,0,1
0.0005297,0,1
0.0005298,0,1
0.0005299,0,1
0.00053,0,1
0.0005301,0,1
0.0005302,0,1
0.0005303,0,1
0.0005304,0,1
0.0005305,0,1
0.0005306,0,1
0.0005307,0,1
0.0005308,0,1
0.0005309,0,1
0.000531,0,1
0.0005311,0,1
0.0005312,0,1
0.0005313,0,1
0.0005314,0,1
0.0005315,0,1
0.0005316,0,1
0.0005317,0,1
0.0005318,0,1
0.0005319,0,1
0.000532,0,1
0.0005321,0,1
0.0005322,0,1
0.0005323,0,1
0.0005324,0,1
0.0005325,0,1
0.0005326,0,1
0.0005327,0,0
0.0005328,0,0
0.0005329,0,0
0.000533,0,0
0.0005331,0,0
0.0005332,1,0
0.0005333,1,0
0.0005334,1,0
0.0005335,1,0
0.0005336,1,0
0.0005337,1,0
0.0005338,1,0
0.0005339,1,0
0.000534,1,0
0.0005341,1,0
0.0005342,1,0
0.0005343,1,0
0.0005344,1,0
0.0005345,1,0
0.0005346,1,0
0.0005347,1,0
0.0005348,1,0
0.0005349,1,0
0.000535,1,0
0.0005351,1,0
0.0005352,1,0
0.0005353,1,0
0.0005354,1,0
0.0005355,1,0
0.0005356,1,0
0.0005357,1,0
0.0005358,1,0
0.0005359,1,0
0.000536,1,0
0.0005361,1,0
0.0005362,1,0
0.0005363,1,0
0.0005364,1,0
0.0005365,1,0
0.0005366,1,0
0.0005367,1,0
0.0005368,1,0
0.0005369,1,0
0.000537,1,0
0.0005371,1,0
0.0005372,1,0
0.0005373,1,0
0.0005374,1,0
0.0005375,1,0
0.0005376,1,0
0.0005377,1,0
0.0005378,1,0
0.0005379,1,0
0.000538,1,0
0.0005381,1,0
0.0005382,1,0
0.0005383,1,0
0.0005384,1,0
0.0005385,1,0
0.0005386,1,0
0.0005387,1,0
0.0005388,1,0
0.0005389,1,0
0.000539,1,0
0.0005391,1,0
0.0005392,1,0
0.0005393,1,0
0.0005394,1,0
0.0005395,1,0
0.0005396,1,0
0.0005397,1,0
0.0005398,1,0
0.0005399,1,0
0.00054,1,0
0.0005401,1,0
0.0005402,1,0
0.0005403,1,0
0.0005404,1,0
0.0005405,1,0
0.0005406,1,0
0.0005407,1,0
0.0005408,1,0
0.0005409,1,0
0.000541,1,0
0.0005411,1,0
0.0005412,1,0
0.0005413,1,0
0.0005414,1,0
0.0005415,1,0
0.0005416,1,0
0.0005417,1,0
0.0005418,1,0
0.0005419,1,0
0.000542,1,0
0.0005421,1,0
0.0005422,1,0
0.0005423,1,0
0.0005424,1,0
0.0005425,1,0
0.0005426,1,0
0.0005427,1,0
0.0005428,1,0
0.0005429,1,0
0.000543,1,0
0.0005431,1,0
0.0005432,1,0
0.0005433,1,0
0.0005434,1,0
0.0005435,1,0
0.0005436,1,0
0.0005437,1,0
0.0005438,1,0
0.0005439,1,0
0.000544,1,0
0.0005441,1,0
0.0005442,1,0
0.0005443,1,0
0.0005444,1,0
0.0005445,1,0
0.0005446,1,0
0.0005447,1,0
0.0005448,1,0
0.0005449,1,0
0.000545,1,0
0.0005451,1,0
0.0005452,1,0
0.0005453,1,0
0.0005454,1,0
0.0005455,1,0
0.0005456,1,0
0.0005457,1,0
0.0005458,1,0
0.0005459,1,0
0.000546,1,0
0.0005461,1,0
0.0005462,1,0
0.0005463,1,0
0.0005464,1,0
0.0005465,1,0
0.0005466,1,0
0.0005467,1,0
0.0005468,1,0
0.0005469,1,0
0.000547,1,0
0.0005471,1,0
0.0005472,1,0
0.0005473,1,0
0.0005474,1,0
0.0005475,1,0
0.0005476,1,0
0.0005477,1,0
0.0005478,1,0
0.0005479,1,0
0.000548,1,0
0.0005481,1,0
0.0005482,1,0
0.0005483,1,0
0.0005484,1,0
0.0005485,1,0
0.0005486,1,0
0.0005487,1,0
0.0005488,1,0
0.0005489,1,0
0.000549,1,0
0.0005491,1,0
0.0005492,1,0
0.0005493,1,0
0.0005494,1,0
0.0005495,1,0
0.0005496,1,0
0.0005497,1,0
0.0005498,1,0
0.0005499,1,0
0.00055,1,0
0.0005501,1,0
0.0005502,1,0
0.0005503,1,0
0.0005504,1,0
0.0005505,1,0
0.0005506,1,0
0.0005507,1,0
0.0005508,1,0
0.0005509,1,0
0.000551,1,0
0.0005511,1,0
0.0005512,1,0
0.0005513,1,0
0.0005514,1,0
0.0005515,1,0
0.0005516,1,0
0.0005517,1,0
0.0005518,1,0
0.0005519,1,0
0.000552,1,0
0.0005521,1,0
0.0005522,1,0
0.0005523,1,0
0.0005524,1,0
0.0005525,1,0
0.0005526,1,0
0.0005527,1,0
0.0005528,1,0
0.0005529,1,0
0.000553,1,0
0.0005531,1,0
0.0005532,1,0
0.0005533,1,0
0.0005534,1,0
0.0005535,1,0
0.0005536,1,0
0.0005537,1,0
0.0005538,1,1
0.0005539,1,1
0.000554,1,1
0.0005541,1,1
0.0005542,1,1
0.0005543,1,1
0.0005544,1,1
0.0005545,1,1
0.0005546,1,1
0.0005547,1,1
0.0005548,1,1
0.0005549,1,1
0.000555,1,1
0.0005551,1,1
0.0005552,1,1
0.0005553,1,1
0.0005554,1,1
0.0005555,1,1
0.0005556,1,1
0.0005557,1,1
0.0005558,1,1
0.0005559,1,1
0.000556,1,1
0.0005561,1,1
0.0005562,1,1
0.0005563,1,1
0.0005564,1,1
0.0005565,1,1
0.0005566,1,1
0.0005567,1,1
0.0005568,1,1
0.0005569,1,1
0.000557,1,1
0.0005571,1,1
0.0005572,1,1
0.0005573,1,1
0.0005574,1,1
0.0005575,1,1
0.0005576,1,1
0.0005577,1,1
0.0005578,1,1
0.0005579,1,1
0.000558,1,1
0.0005581,1,1
0.0005582,1,1
0.0005583,1,1
0.0005584,1,1
0.0005585,1,1
0.0005586,1,1
0.0005587,1,1
0.0005588,1,0
0.0005589,1,0
0.000559,1,0
0.0005591,1,0
0.0005592,1,0
0.0005593,1,0
0.0005594,1,0
0.0005595,1,0
0.0005596,1,0
0.0005597,1,0
0.0005598,1,0
0.0005599,1,0
0.00056,1,0
0.0005601,1,0
0.0005602,1,0
0.0005603,1,0
0.0005604,1,0
0.0005605,1,0
0.0005606,1,0
0.0005607,1,0
0.0005608,1,0
0.0005609,1,0
0.000561,1,0
0.0005611,1,0
0.0005612,1,0
0.0005613,0,0
0.0005614,0,0
0.0005615,0,0
0.0005616,0,0
0.0005617,0,0
0.0005618,0,0
0.0005619,0,0
0.000562,0,0
0.0005621,0,0
0.0005622,0,0
0.0005623,0,0
0.0005624,0,0
0.0005625,0,0
0.0005626,0,0
0.0005627,0,0
0.0005628,0,0
0.0005629,0,0
0.000563,0,0
0.0005631,0,0
0.0005632,0,0
0.0005633,0,0
0.0005634,0,0
0.0005635,0,0
0.0005636,0,0
0.0005637,0,0
0.0005638,0,0
0.0005639,0,0
0.000564,0,0
0.0005641,0,0
0.0005642,0,0
0.0005643,0,1
0.0005644,0,1
0.0005645,0,1
0.0005646,0,1
0.0005647,0,1
0.0005648,0,1
0.0005649,0,1
0.000565,0,1
0.0005651,0,1
0.0005652,0,1
0.0005653,0,1
0.0005654,0,1
0.0005655,0,1
0.0005656,0,1
0.0005657,0,1
0.0005658,0,1
0.0005659,0,1
0.000566,0,1
0.0005661,0,1
0.0005662,0,1
0.0005663,0,1
0.0005664,0,1
0.0005665,0,1
0.0005666,0,1
0.0005667,0,1
0.0005668,0,1
0.0005669,0,1
0.000567,0,1
0.0005671,0,1
0.0005672,0,1
0.0005673,0,1
0.0005674,0,1
0.0005675,0,1
0.0005676,0,1
0.0005677,0,1
0.0005678,0,1
0.0005679,0,1
0.000568,0,1
0.0005681,0,1
0.0005682,0,1
0.0005683,0,1
0.0005684,0,1
0.0005685,0,1
0.0005686,0,1
0.0005687,0,1
0.0005688,0,1
0.0005689,0,1
0.000569,0,1
0.0005691,0,1
0.0005692,0,1
0.0005693,0,1
0.0005694,0,1
0.0005695,0,1
0.0005696,0,1
0.0005697,0,1
0.0005698,0,1
0.0005699,1,1
0.00057,1,1
0.0005701,1,1
0.0005702,1,1
0.0005703,1,1
0.0005704,1,1
0.0005705,1,1
0.0005706,1,1
0.0005707,1,1
0.0005708,1,1
0.0005709,1,1
0.000571,1,1
0.0005711,1,1
0.0005712,1,1
0.0005713,1,1
0.0005714,1,1
0.0005715,1,1
0.0005716,1,1
0.0005717,1,1
0.0005718,1,1
0.0005719,1,1
0.000572,1,1
0.0005721,1,1
0.0005722,1,1
0.0005723,1,1
0.0005724,1,1
0.0005725,1,1
0.0005726,1,1
0.0005727,1,1
0.0005728,1,1
0.0005729,1,1
0.000573,1,1
0.0005731,1,1
0.0005732,1,1
0.0005733,1,1
0.0005734,1,1
0.0005735,1,1
0.0005736,1,1
0.0005737,1,1
0.0005738,1,1
0.0005739,1,1
0.000574,1,1
0.0005741,1,1
0.0005742,1,1
0.0005743,1,1
0.0005744,1,1
0.0005745,1,1
0.0005746,1,1
0.0005747,1,1
0.0005748,1,1
0.0005749,1,1
0.000575,1,1
0.0005751,1,1
0.0005752,1,1
0.0005753,1,1
0.0005754,1,1
0.0005755,1,1
0.0005756,1,1
0.0005757,1,1
0.0005758,1,1
0.0005759,1,1
0.000576,1,1
0.0005761,1,1
0.0005762,1,1
0.0005763,1,1
0.0005764,1,1
0.0005765,1,1
0.0005766,1,1
0.0005767,1,1
0.0005768,1,1
0.0005769,1,1
0.000577,1,1
0.0005771,1,1
0.0005772,1,1
0.0005773,1,1
0.0005774,1,1
0.0005775,1,1
0.0005776,1,1
0.0005777,1,1
0.0005778,1,1
0.0005779,1,1
0.000578,1,1
0.0005781,1,1
0.0005782,1,1
0.0005783,1,1
0.0005784,1,1
0.0005785,1,1
0.0005786,1,1
0.0005787,1,1
0.0005788,1,1
0.0005789,1,1
0.000579,1,1
0.0005791,1,1
0.0005792,1,1
0.0005793,1,1
0.0005794,1,1
0.0005795,1,1
0.0005796,1,1
0.0005797,1,1
0.0005798,1,1
0.0005799,1,1
0.00058,1,1
0.0005801,1,1
0.0005802,1,1
0.0005803,1,1
0.0005804,1,1
0.0005805,1,1
0.0005806,1,1
0.0005807,1,1
0.0005808,1,1
0.0005809,1,1
0.000581,1,1
0.0005811,1,1
0.0005812,1,1
0.0005813,1,1
0.0005814,1,1
0.0005815,1,1
0.0005816,1,1
0.0005817,1,1
0.0005818,1,1
0.0005819,1,1
0.000582,1,1
0.0005821,1,1
0.0005822,1,1
0.0005823,1,1
0.0005824,1,1
0.0005825,1,1
0.0005826,1,1
0.0005827,1,1
0.0005828,1,1
0.0005829,1,1
0.000583,1,1
0.0005831,1,1
0.0005832,1,1
0.0005833,1,1
0.0005834,1,1
0.0005835,1,1
0.0005836,1,1
0.0005837,1,1
0.0005838,1,1
0.0005839,1,1
0.000584,1,1
0.0005841,1,1
0.0005842,1,1
0.0005843,1,1
0.0005844,1,1
0.0005845,1,1
0.0005846,1,1
0.0005847,1,1
0.0005848,1,1
0.0005849,1,1
0.000585,1,1
0.0005851,1,1
0.0005852,1,1
0.0005853,1,1
0.0005854,1,1
0.0005855,1,1
0.0005856,1,1
0.0005857,1,1
0.0005858,1,1
0.0005859,1,1
0.000586,1,1
0.0005861,1,1
0.0005862,1,1
0.0005863,1,1
0.0005864,1,1
0.0005865,1,1
0.0005866,1,1
0.0005867,1,1
0.0005868,1,1
0.0005869,1,1
0.000587,1,1
0.0005871,1,1
0.0005872,1,1
0.0005873,1,1
0.0005874,1,1
0.0005875,1,1
0.0005876,1,1
0.0005877,1,1
0.0005878,1,1
0.0005879,1,1
0.000588,1,1
0.0005881,1,1
0.0005882,1,1
0.0005883,1,1
0.0005884,1,1
0.0005885,1,1
0.0005886,1,1
0.0005887,1,1
0.0005888,1,1
0.0005889,1,1
0.000589,1,1
0.0005891,1,1
0.0005892,1,1
0.0005893,1,1
0.0005894,1,1
0.0005895,1,1
0.0005896,1,1
0.0005897,1,1
0.0005898,1,1
0.0005899,1,1
0.00059,1,1
0.0005901,1,1
0.0005902,1,1
0.0005903,1,1
0.0005904,1,1
0.0005905,1,1
0.0005906,1,1
0.0005907,1,1
0.0005908,1,1
0.0005909,1,1
0.000591,1,1
0.0005911,1,1
0.0005912,1,1
0.0005913,1,1
0.0005914,1,1
0.0005915,1,1
0.0005916,1,1
0.0005917,1,1
0.0005918,1,1
0.0005919,1,1
0.000592,1,1
0.0005921,1,1
0.0005922,1,1
0.0005923,1,1
0.0005924,1,1
0.0005925,1,1
0.0005926,1,1
0.0005927,1,1
0.0005928,1,1
0.0005929,1,1
0.000593,1,1
0.0005931,1,1
0.0005932,1,1
0.0005933,1,1
0.0005934,1,1
0.0005935,1,1
0.0005936,1,1
0.0005937,1,1
0.0005938,1,1
0.0005939,1,1
0.000594,1,1
0.0005941,1,1
0.0005942,1,1
0.0005943,1,1
0.0005944,1,1
0.0005945,1,1
0.0005946,1,1
0.0005947,1,1
0.0005948,1,1
0.0005949,1,1
0.000595,1,1
0.0005951,1,1
0.0005952,1,1
0.0005953,1,1
0.0005954,1,1
0.0005955,1,1
0.0005956,1,1
0.0005957,1,1
0.0005958,1,1
0.0005959,1,1
0.000596,1,1
0.0005961,1,1
0.0005962,1,1
0.0005963,1,1
0.0005964,1,1
0.0005965,1,1
0.0005966,1,1
0.0005967,1,1
0.0005968,1,1
0.0005969,1,1
0.000597,1,1
0.0005971,1,1
0.0005972,1,1
0.0005973,1,1
0.0005974,1,1
0.0005975,1,1
0.0005976,1,1
0.0005977,1,1
0.0005978,1,1
0.0005979,1,1
0.000598,1,1
0.0005981,1,1
0.0005982,1,1
0.0005983,1,1
0.0005984,1,1
0.0005985,1,1
0.0005986,1,1
0.0005987,1,1
0.0005988,1,1
0.0005989,1,1
0.000599,1,1
0.0005991,1,1
0.0005992,1,1
0.0005993,1,1
0.0005994,1,1
0.0005995,1,1
0.0005996,1,1
0.0005997,1,1
0.0005998,1,1
0.0005999,1,1
0.0006,1,1
0.0006001,1,1
0.0006002,1,1
0.0006003,1,1
0.0006004,1,1
0.0006005,1,1
0.0006006,1,1
0.0006007,1,1
0.0006008,1,1
0.0006009,1,1
0.000601,1,1
0.0006011,1,1
0.0006012,1,1
0.0006013,1,1
0.0006014,1,1
0.0006015,1,1
0.0006016,1,1
0.0006017,1,1
0.0006018,1,1
0.0006019,1,1
0.000602,1,1
0.0006021,1,1
0.0006022,1,1
0.0006023,1,1
0.0006024,1,1
0.0006025,1,1
0.0006026,1,1
0.0006027,1,1
0.0006028,1,1
0.0006029,1,1
0.000603,1,1
0.0006031,1,1
0.0006032,1,1
0.0006033,1,1
0.0006034,1,1
0.0006035,1,1
0.0006036,1,1
0.0006037,1,1
0.0006038,1,1
0.0006039,1,1
0.000604,1,1
0.0006041,1,1
0.0006042,1,1
0.0006043,1,1
0.0006044,1,1
0.0006045,1,1
0.0006046,1,1
0.0006047,1,1
0.0006048,1,1
0.0006049,1,1
0.000605,1,1
0.0006051,1,1
0.0006052,1,1
0.0006053,1,1
0.0006054,1,1
0.0006055,1,1
0.0006056,1,1
0.0006057,1,1
0.0006058,1,1
0.0006059,1,1
0.000606,1,1
0.0006061,1,1
0.0006062,1,1
0.0006063,1,1
0.0006064,1,1
0.0006065,1,1
0.0006066,1,1
0.0006067,1,1
0.0006068,1,1
0.0006069,1,1
0.000607,1,1
0.0006071,1,1
0.0006072,1,1
0.0006073,1,1
0.0006074,1,1
0.0006075,1,1
0.0006076,1,1
0.0006077,1,1
0.0006078,1,1
0.0006079,1,1
0.000608,1,1
0.0006081,1,1
0.0006082,1,1
0.0006083,1,1
0.0006084,1,1
0.0006085,1,1
0.0006086,1,1
0.0006087,1,1
0.0006088,1,1
0.0006089,1,1
0.000609,1,1
0.0006091,1,1
0.0006092,1,1
0.0006093,1,1
0.0006094,1,1
0.0006095,1,1
0.0006096,1,1
0.0006097,1,1
0.0006098,1,1
0.0006099,1,1
0.00061,1,1
0.0006101,1,1
0.0006102,1,1
0.0006103,1,1
0.0006104,1,1
0.0006105,1,1
0.0006106,1,1
0.0006107,1,1
0.0006108,1,1
0.0006109,1,1
0.000611,1,1
0.0006111,1,1
0.0006112,1,1
0.0006113,1,1
0.0006114,1,1
0.0006115,1,1
0.0006116,1,1
0.0006117,1,1
0.0006118,1,1
0.0006119,1,1
0.000612,1,1
0.0006121,1,1
0.0006122,1,1
0.0006123,1,1
0.0006124,1,1
0.0006125,1,1
0.0006126,1,1
0.0006127,1,1
0.0006128,1,1
0.0006129,1,1
0.000613,1,1
0.0006131,1,1
0.0006132,1,1
0.0006133,1,1
0.0006134,1,1
0.0006135,1,1
0.0006136,1,1
0.0006137,1,1
0.0006138,1,1
0.0006139,1,1
0.000614,1,1
0.0006141,1,1
0.0006142,1,1
0.0006143,1,1
0.0006144,1,1
0.0006145,1,1
0.0006146,1,1
0.0006147,1,1
0.0006148,1,1
0.0006149,1,1
0.000615,1,1
0.0006151,1,1
0.0006152,1,1
0.0006153,1,1
0.0006154,1,1
0.0006155,1,1
0.0006156,1,1
0.0006157,1,1
0.0006158,1,1
0.0006159,1,1
0.000616,1,1
0.0006161,1,1
0.0006162,1,1
0.0006163,1,1
0.0006164,1,1
0.0006165,1,1
0.0006166,1,1
0.0006167,1,1
0.0006168,1,1
0.0006169,1,1
0.000617,1,1
0.0006171,1,1
0.0006172,1,1
0.0006173,1,1
0.0006174,1,1
0.0006175,1,1
0.0006176,1,1
0.0006177,1,1
0.0006178,1,1
0.0006179,1,1
0.000618,1,1
0.0006181,1,1
0.0006182,1,1
0.0006183,1,1
0.0006184,1,1
0.0006185,1,1
0.0006186,1,1
0.0006187,1,1
0.0006188,1,1
0.0006189,1,1
0.000619,1,1
0.0006191,1,1
0.0006192,1,1
0.0006193,1,1
0.0006194,1,1
0.0006195,1,1
0.0006196,1,1
0.0006197,1,1
0.0006198,1,1
0.0006199,1,1
0.00062,1,1
0.0006201,1,1
0.0006202,1,1
0.0006203,1,1
0.0006204,1,1
0.0006205,1,1
0.0006206,1,1
0.0006207,1,1
0.0006208,1,1
0.0006209,1,1
0.000621,1,1
0.0006211,1,1
0.0006212,1,1
0.0006213,1,1
0.0006214,1,1
0.0006215,1,1
0.0006216,1,1
0.0006217,1,1
0.0006218,1,1
0.0006219,1,1
0.000622,1,1
0.0006221,1,1
0.0006222,1,1
0.0006223,1,1
0.0006224,1,1
0.0006225,1,1
0.0006226,1,1
0.0006227,1,1
0.0006228,1,1
0.0006229,1,1
0.000623,1,1
0.0006231,1,1
0.0006232,1,1
0.0006233,1,1
0.0006234,1,1
0.0006235,1,1
0.0006236,1,1
0.0006237,1,1
0.0006238,1,1
0.0006239,1,1
0.000624,1,1
0.0006241,1,1
0.0006242,1,1
0.0006243,1,1
0.0006244,1,1
0.0006245,1,1
0.0006246,1,1
0.0006247,1,1
0.0006248,1,1
0.0006249,1,1
0.000625,1,1
0.0006251,1,1
0.0006252,1,1
0.0006253,1,1
0.0006254,1,1
0.0006255,1,1
0.0006256,1,1
0.0006257,1,1
0.0006258,1,1
0.0006259,1,1
0.000626,1,1
0.0006261,1,1
0.0006262,1,1
0.0006263,1,1
0.0006264,1,1
0.0006265,1,1
0.0006266,1,1
0.0006267,1,1
0.0006268,1,1
0.0006269,1,1
0.000627,1,1
0.0006271,1,1
0.0006272,1,1
0.0006273,1,1
0.0006274,1,1
0.0006275,1,1
0.0006276,1,1
0.0006277,1,1
0.0006278,1,1
0.0006279,1,1
0.000628,1,1
0.0006281,1,1
0.0006282,1,1
0.0006283,1,1
0.0006284,1,1
0.0006285,1,1
0.0006286,1,1
0.0006287,1,1
0.0006288,1,1
0.0006289,1,1
0.000629,1,1
0.0006291,1,1
0.0006292,1,1
0.0006293,1,1
0.0006294,1,1
0.0006295,1,1
0.0006296,1,1
0.0006297,1,1
0.0006298,1,1
0.0006299,1,1
0.00063,1,1
0.0006301,1,1
0.0006302,1,1
0.0006303,1,1
0.0006304,1,1
0.0006305,1,1
0.0006306,1,1
0.0006307,1,1
0.0006308,1,1
0.0006309,1,1
0.000631,1,1
0.0006311,1,1
0.0006312,1,1
0.0006313,1,1
0.0006314,1,1
0.0006315,1,1
0.0006316,1,1
0.0006317,1,1
0.0006318,1,1
0.0006319,1,1
0.000632,1,1
0.0006321,1,1
0.0006322,1,1
0.0006323,1,1
0.0006324,1,1
0.0006325,1,1
0.0006326,1,1
0.0006327,1,1
0.0006328,1,1
0.0006329,1,1
0.000633,1,1
0.0006331,1,1
0.0006332,1,1
0.0006333,1,1
0.0006334,1,1
0.0006335,1,1
0.0006336,1,1
0.0006337,1,1
0.0006338,1,1
0.0006339,1,1
0.000634,1,1
0.0006341,1,1
0.0006342,1,1
0.0006343,1,1
0.0006344,1,1
0.0006345,1,1
0.0006346,1,1
0.0006347,1,1
0.0006348,1,1
0.0006349,1,1
0.000635,1,1
0.0006351,1,1
0.0006352,1,1
0.0006353,1,1
0.0006354,1,1
0.0006355,1,1
0.0006356,1,1
0.0006357,1,1
0.0006358,1,1
0.0006359,1,1
0.000636,1,1
0.0006361,1,1
0.0006362,1,1
0.0006363,1,1
0.0006364,1,1
0.0006365,1,1
0.0006366,1,1
0.0006367,1,1
0.0006368,1,1
0.0006369,1,1
0.000637,1,1
0.0006371,1,1
0.0006372,1,1
0.0006373,1,1
0.0006374,1,1
0.0006375,1,1
0.0006376,1,1
0.0006377,1,1
0.0006378,1,1
0.0006379,1,1
0.000638,1,1
0.0006381,1,1
0.0006382,1,1
0.0006383,1,1
0.0006384,1,1
0.0006385,1,1
0.0006386,1,1
0.0006387,1,1
0.0006388,1,1
0.0006389,1,1
0.000639,1,1
0.0006391,1,1
0.0006392,1,1
0.0006393,1,1
0.0006394,1,1
0.0006395,1,1
0.0006396,1,1
0.0006397,1,1
0.0006398,1,1
0.0006399,1,1
0.00064,1,1
0.0006401,1,1
0.0006402,1,1
0.0006403,1,1
0.0006404,1,1
0.0006405,1,1
0.0006406,1,1
0.0006407,1,1
0.0006408,1,1
0.0006409,1,1
0.000641,1,1
0.0006411,1,1
0.0006412,1,1
0.0006413,1,1
0.0006414,1,1
0.0006415,1,1
0.0006416,1,1
0.0006417,1,1
0.0006418,1,1
0.0006419,1,1
0.000642,1,1
0.0006421,1,1
0.0006422,1,1
0.0006423,1,1
0.0006424,1,1
0.0006425,1,1
0.0006426,1,1
0.0006427,1,1
0.0006428,1,1
0.0006429,1,1
0.000643,1,1
0.0006431,1,1
0.0006432,1,1
0.0006433,1,1
0.0006434,1,1
0.0006435,1,1
0.0006436,1,1
0.0006437,1,1
0.0006438,1,1
0.0006439,1,1
0.000644,1,1
0.0006441,1,1
0.0006442,1,1
0.0006443,1,1
0.0006444,1,1
0.0006445,1,1
0.0006446,1,1
0.0006447,1,1
0.0006448,1,1
0.0006449,1,1
0.000645,1,1
0.0006451,1,1
0.0006452,1,1
0.0006453,1,1
0.0006454,1,1
0.0006455,1,1
0.0006456,1,1
0.0006457,1,1
0.0006458,1,1
0.0006459,1,1
0.000646,1,1
0.0006461,1,1
0.0006462,1,1
0.0006463,1,1
0.0006464,1,1
0.0006465,1,1
0.0006466,1,1
0.0006467,1,1
0.0006468,1,1
0.0006469,1,1
0.000647,1,1
0.0006471,1,1
0.0006472,1,1
0.0006473,1,1
0.0006474,1,1
0.0006475,1,1
0.0006476,1,1
0.0006477,1,1
0.0006478,1,1
0.0006479,1,1
0.000648,1,1
0.0006481,1,1
0.0006482,1,1
0.0006483,1,1
0.0006484,1,1
0.0006485,1,1
0.0006486,1,1
0.0006487,1,1
0.0006488,1,1
0.0006489,1,1
0.000649,1,1
0.0006491,1,1
0.0006492,1,1
0.0006493,1,1
0.0006494,1,1
0.0006495,1,1
0.0006496,1,1
0.0006497,1,1
0.0006498,1,1
0.0006499,1,1
0.00065,1,1
0.0006501,1,1
0.0006502,1,1
0.0006503,1,1
0.0006504,1,1
0.0006505,1,1
0.0006506,1,1
0.0006507,1,1
0.0006508,1,1
0.0006509,1,1
0.000651,1,1
0.0006511,1,1
0.0006512,1,1
0.0006513,1,1
0.0006514,1,1
0.0006515,1,1
0.0006516,1,1
0.0006517,1,1
0.0006518,1,1
0.0006519,1,1
0.000652,1,1
0.0006521,1,1
0.0006522,1,1
0.0006523,1,1
0.0006524,1,1
0.0006525,1,1
0.0006526,1,1
0.0006527,1,1
0.0006528,1,1
0.0006529,1,1
0.000653,1,1
0.0006531,1,1
0.0006532,1,1
0.0006533,1,1
0.0006534,1,1
0.0006535,1,1
0.0006536,1,1
0.0006537,1,1
0.0006538,1,1
0.0006539,1,1
0.000654,1,1
0.0006541,1,1
0.0006542,1,1
0.0006543,1,1
0.0006544,1,1
0.0006545,1,1
0.0006546,1,1
0.0006547,1,1
0.0006548,1,1
0.0006549,1,1
0.000655,1,1
0.0006551,1,1
0.0006552,1,1
0.0006553,1,1
0.0006554,1,1
0.0006555,1,1
0.0006556,1,1
0.0006557,1,1
0.0006558,1,1
0.0006559,1,1
0.000656,1,1
0.0006561,1,1
0.0006562,1,1
0.0006563,1,1
0.0006564,1,1
0.0006565,1,1
0.0006566,1,1
0.0006567,1,1
0.0006568,1,1
0.0006569,1,1
0.000657,1,1
0.0006571,1,1
0.0006572,1,1
0.0006573,1,1
0.0006574,1,1
0.0006575,1,1
0.0006576,1,1
0.0006577,1,1
0.0006578,1,1
0.0006579,1,1
0.000658,1,1
0.0006581,1,1
0.0006582,1,1
0.0006583,1,1
0.0006584,1,1
0.0006585,1,1
0.0006586,1,1
0.0006587,1,1
0.0006588,1,1
0.0006589,1,1
0.000659,1,1
0.0006591,1,1
0.0006592,1,1
0.0006593,1,1
0.0006594,1,1
0.0006595,1,1
0.0006596,1,1
0.0006597,1,1
0.0006598,1,1
0.0006599,1,1
0.00066,1,1
0.0006601,1,1
0.0006602,1,1
0.0006603,1,1
0.0006604,1,1
0.0006605,1,1
0.0006606,1,1
0.0006607,1,1
0.0006608,1,1
0.0006609,1,1
0.000661,1,1
0.0006611,1,1
0.0006612,1,1
0.0006613,1,1
0.0006614,1,1
0.0006615,1,1
0.0006616,1,1
0.0006617,1,1
0.0006618,1,1
0.0006619,1,1
0.000662,1,1
0.0006621,1,1
0.0006622,1,1
0.0006623,1,1
0.0006624,1,1
0.0006625,1,1
0.0006626,1,1
0.0006627,1,1
0.0006628,1,1
0.0006629,1,1
0.000663,1,1
0.0006631,1,1
0.0006632,1,1
0.0006633,1,1
0.0006634,1,1
0.0006635,1,1
0.0006636,1,1
0.0006637,1,1
0.0006638,1,1
0.0006639,1,1
0.000664,1,1
0.0006641,1,1
0.0006642,1,1
0.0006643,1,1
0.0006644,1,1
0.0006645,1,1
0.0006646,1,1
0.0006647,1,1
0.0006648,1,1
0.0006649,1,1
0.000665,1,1
0.0006651,1,1
0.0006652,1,1
0.0006653,1,1
0.0006654,1,1
0.0006655,1,1
0.0006656,1,1
0.0006657,1,1
0.0006658,1,1
0.0006659,1,1
0.000666,1,1
0.0006661,1,1
0.0006662,1,1
0.0006663,1,1
0.0006664,1,1
0.0006665,1,1
0.0006666,1,1
0.0006667,1,1
0.0006668,1,1
0.0006669,1,1
0.000667,1,1
0.0006671,1,1
0.0006672,1,1
0.0006673,1,1
0.0006674,1,1
0.0006675,1,1
0.0006676,1,1
0.0006677,1,1
0.0006678,1,1
0.0006679,1,1
0.000668,1,1
0.0006681,1,1
0.0006682,1,1
0.0006683,1,1
0.0006684,1,1
0.0006685,1,1
0.0006686,1,1
0.0006687,1,1
0.0006688,1,1
0.0006689,1,1
0.000669,1,1
0.0006691,1,1
0.0006692,1,1
0.0006693,1,1
0.0006694,1,1
0.0006695,1,1
0.0006696,1,1
0.0006697,1,1
0.0006698,1,1
0.0006699,1,1
0.00067,1,1
0.0006701,1,1
0.0006702,1,1
0.0006703,1,1
0.0006704,1,1
0.0006705,1,1
0.0006706,1,1
0.0006707,1,1
0.0006708,1,1
0.0006709,1,1
0.000671,1,1
0.0006711,1,1
0.0006712,1,1
0.0006713,1,1
0.0006714,1,1
0.0006715,1,1
0.0006716,1,1
0.0006717,1,1
0.0006718,1,1
0.0006719,1,1
0.000672,1,1
0.0006721,1,1
0.0006722,1,1
0.0006723,1,1
0.0006724,1,1
0.0006725,1,1
0.0006726,1,1
0.0006727,1,1
0.0006728,1,1
0.0006729,1,1
0.000673,1,1
0.0006731,1,1
0.0006732,1,1
0.0006733,1,1
0.0006734,1,1
0.0006735,1,1
0.0006736,1,1
0.0006737,1,1
0.0006738,1,1
0.0006739,1,1
0.000674,1,1
0.0006741,1,1
0.0006742,1,1
0.0006743,1,1
0.0006744,1,1
0.0006745,1,1
0.0006746,1,1
0.0006747,1,1
0.0006748,1,1
0.0006749,1,1
0.000675,1,1
0.0006751,1,1
0.0006752,1,1
0.0006753,1,1
0.0006754,1,1
0.0006755,1,1
0.0006756,1,1
0.0006757,1,1
0.0006758,1,1
0.0006759,1,1
0.000676,1,1
0.0006761,1,1
0.0006762,1,1
0.0006763,1,1
0.0006764,1,1
0.0006765,1,1
0.0006766,1,1
0.0006767,1,1
0.0006768,1,1
0.0006769,1,1
0.000677,1,1
0.0006771,1,1
0.0006772,1,1
0.0006773,1,1
0.0006774,1,1
0.0006775,1,1
0.0006776,1,1
0.0006777,1,1
0.0006778,1,1
0.0006779,1,1
0.000678,1,1
0.0006781,1,1
0.0006782,1,1
0.0006783,1,1
0.0006784,1,1
0.0006785,1,1
0.0006786,1,1
0.0006787,1,1
0.0006788,1,1
0.0006789,1,1
0.000679,1,1
0.0006791,1,1
0.0006792,1,1
0.0006793,1,1
0.0006794,1,1
0.0006795,1,1
0.0006796,1,1
0.0006797,1,1
0.0006798,1,1
0.0006799,1,1
0.00068,1,1
0.0006801,1,1
0.0006802,1,1
0.0006803,1,1
0.0006804,1,1
0.0006805,1,1
0.0006806,1,1
0.0006807,1,1
0.0006808,1,1
0.0006809,1,1
0.000681,1,1
0.0006811,1,1
0.0006812,1,1
0.0006813,1,1
0.0006814,1,1
0.0006815,1,1
0.0006816,1,1
0.0006817,1,1
0.0006818,1,1
0.0006819,1,1
0.000682,1,1
0.0006821,1,1
0.0006822,1,1
0.0006823,1,1
0.0006824,1,1
0.0006825,1,1
0.0006826,1,1
0.0006827,1,1
0.0006828,1,1
0.0006829,1,1
0.000683,1,1
0.0006831,1,1
0.0006832,1,1
0.0006833,1,1
0.0006834,1,1
0.0006835,1,1
0.0006836,1,1
0.0006837,1,1
0.0006838,1,1
0.0006839,1,1
0.000684,1,1
0.0006841,1,1
0.0006842,1,1
0.0006843,1,1
0.0006844,1,1
0.0006845,1,1
0.0006846,1,1
0.0006847,1,1
0.0006848,1,1
0.0006849,1,1
0.000685,1,1
0.0006851,1,1
0.0006852,1,1
0.0006853,1,1
0.0006854,1,1
0.0006855,1,1
0.0006856,1,1
0.0006857,1,1
0.0006858,1,1
0.0006859,1,1
0.000686,1,1
0.0006861,1,1
0.0006862,1,1
0.0006863,1,1
0.0006864,1,1
0.0006865,1,1
0.0006866,1,1
0.0006867,1,1
0.0006868,1,1
0.0006869,1,1
0.000687,1,1
0.0006871,1,1
0.0006872,1,1
0.0006873,1,1
0.0006874,1,1
0.0006875,1,1
0.0006876,1,1
0.0006877,1,1
0.0006878,1,1
0.0006879,1,1
0.000688,1,1
0.0006881,1,1
0.0006882,1,1
0.0006883,1,1
0.0006884,1,1
0.0006885,1,1
0.0006886,1,1
0.0006887,1,1
0.0006888,1,1
0.0006889,1,1
0.000689,1,1
0.0006891,1,1
0.0006892,1,1
0.0006893,1,1
0.0006894,1,1
0.0006895,1,1
0.0006896,1,1
0.0006897,1,1
0.0006898,1,1
0.0006899,1,1
0.00069,1,1
0.0006901,1,1
0.0006902,1,1
0.0006903,1,1
0.0006904,1,1
0.0006905,1,1
0.0006906,1,1
0.0006907,1,1
0.0006908,1,1
0.0006909,1,1
0.000691,1,1
0.0006911,1,1
0.0006912,1,1
0.0006913,1,1
0.0006914,1,1
0.0006915,1,1
0.0006916,1,1
0.0006917,1,1
0.0006918,1,1
0.0006919,1,1
0.000692,1,1
0.0006921,1,1
0.0006922,1,1
0.0006923,1,1
0.0006924,1,1
0.0006925,1,1
0.0006926,1,1
0.0006927,1,1
0.0006928,1,1
0.0006929,1,1
0.000693,1,1
0.0006931,1,1
0.0006932,1,1
0.0006933,1,1
0.0006934,1,1
0.0006935,1,1
0.0006936,1,1
0.0006937,1,1
0.0006938,1,1
0.0006939,1,1
0.000694,1,1
0.0006941,1,1
0.0006942,1,1
0.0006943,1,1
0.0006944,1,1
0.0006945,1,1
0.0006946,1,1
0.0006947,1,1
0.0006948,1,1
0.0006949,1,1
0.000695,1,1
0.0006951,1,1
0.0006952,1,1
0.0006953,1,1
0.0006954,1,1
0.0006955,1,1
0.0006956,1,1
0.0006957,1,1
0.0006958,1,1
0.0006959,1,1
0.000696,1,1
0.0006961,1,1
0.0006962,1,1
0.0006963,1,1
0.0006964,1,1
0.0006965,1,1
0.0006966,1,1
0.0006967,1,1
0.0006968,1,1
0.0006969,1,1
0.000697,1,1
0.0006971,1,1
0.0006972,1,1
0.0006973,1,1
0.0006974,1,1
0.0006975,1,1
0.0006976,1,1
0.0006977,1,1
0.0006978,1,1
0.0006979,1,1
0.000698,1,1
0.0006981,1,1
0.0006982,1,1
0.0006983,1,1
0.0006984,1,1
0.0006985,1,1
0.0006986,1,1
0.0006987,1,1
0.0006988,1,1
0.0006989,1,1
0.000699,1,1
0.0006991,1,1
0.0006992,1,1
0.0006993,1,1
0.0006994,1,1
0.0006995,1,1
0.0006996,1,1
0.0006997,1,1
0.0006998,1,1
0.0006999,1,1
0.0007,1,1
0.0007001,1,1
0.0007002,1,1
0.0007003,1,1
0.0007004,1,1
0.0007005,1,1
0.0007006,1,1
0.0007007,1,1
0.0007008,1,1
0.0007009,1,1
0.000701,1,1
0.0007011,1,1
0.0007012,1,1
0.0007013,1,1
0.0007014,1,1
0.0007015,1,1
0.0007016,1,1
0.0007017,1,1
0.0007018,1,1
0.0007019,1,1
0.000702,1,1
0.0007021,1,1
0.0007022,1,1
0.0007023,1,1
0.0007024,1,1
0.0007025,1,1
0.0007026,1,1
0.0007027,1,1
0.0007028,1,1
0.0007029,1,1
0.000703,1,1
0.0007031,1,1
0.0007032,1,1
0.0007033,1,1
0.0007034,1,1
0.0007035,1,1
0.0007036,1,1
0.0007037,1,1
0.0007038,1,1
0.0007039,1,1
0.000704,1,1
0.0007041,1,1
0.0007042,1,1
0.0007043,1,1
0.0007044,1,1
0.0007045,1,1
0.0007046,1,1
0.0007047,1,1
0.0007048,1,1
0.0007049,1,1
0.000705,1,1
0.0007051,1,1
0.0007052,1,1
0.0007053,1,1
0.0007054,1,1
0.0007055,1,1
0.0007056,1,1
0.0007057,1,1
0.0007058,1,1
0.0007059,1,1
0.000706,1,1
0.0007061,1,1
0.0007062,1,1
0.0007063,1,1
0.0007064,1,1
0.0007065,1,1
0.0007066,1,1
0.0007067,1,1
0.0007068,1,1
0.0007069,1,1
0.000707,1,1
0.0007071,1,1
0.0007072,1,1
0.0007073,1,1
0.0007074,1,1
0.0007075,1,1
0.0007076,1,1
0.0007077,1,1
0.0007078,1,1
0.0007079,1,1
0.000708,1,1
0.0007081,1,1
0.0007082,1,1
0.0007083,1,1
0.0007084,1,1
0.0007085,1,1
0.0007086,1,1
0.0007087,1,1
0.0007088,1,1
0.0007089,1,1
0.000709,1,1
0.0007091,1,1
0.0007092,1,1
0.0007093,1,1
0.0007094,1,1
0.0007095,1,1
0.0007096,1,1
0.0007097,1,1
0.0007098,1,1
0.0007099,1,1
0.00071,1,1
0.0007101,1,1
0.0007102,1,1
0.0007103,1,1
0.0007104,1,1
0.0007105,1,1
0.0007106,1,1
0.0007107,1,1
0.0007108,1,1
0.0007109,1,1
0.000711,1,1
0.0007111,1,1
0.0007112,1,1
0.0007113,1,1
0.0007114,1,1
0.0007115,1,1
0.0007116,1,1
0.0007117,1,1
0.0007118,1,1
0.0007119,1,1
0.000712,1,1
0.0007121,1,1
0.0007122,1,1
0.0007123,1,1
0.0007124,1,1
0.0007125,1,1
0.0007126,1,1
0.0007127,1,1
0.0007128,1,1
0.0007129,1,1
0.000713,1,1
0.0007131,1,1
0.0007132,1,1
0.0007133,1,1
0.0007134,1,1
0.0007135,1,1
0.0007136,1,1
0.0007137,1,1
0.0007138,1,1
0.0007139,1,1
0.000714,1,1
0.0007141,1,1
0.0007142,1,1
0.0007143,1,1
0.0007144,1,1
0.0007145,1,1
0.0007146,1,1
0.0007147,1,1
0.0007148,1,1
0.0007149,1,1
0.000715,1,1
0.0007151,1,1
0.0007152,1,1
0.0007153,1,1
0.0007154,1,1
0.0007155,1,1
0.0007156,1,1
0.0007157,1,1
0.0007158,1,1
0.0007159,1,1
0.000716,1,1
0.0007161,1,1
0.0007162,1,1
0.0007163,1,1
0.0007164,1,1
0.0007165,1,1
0.0007166,1,1
0.0007167,1,1
0.0007168,1,1
0.0007169,1,1
0.000717,1,1
0.0007171,1,1
0.0007172,1,1
0.0007173,1,1
0.0007174,1,1
0.0007175,1,1
0.0007176,1,1
0.0007177,1,1
0.0007178,1,1
0.0007179,1,1
0.000718,1,1
0.0007181,1,1
0.0007182,1,1
0.0007183,1,1
0.0007184,1,1
0.0007185,1,1
0.0007186,1,1
0.0007187,1,1
0.0007188,1,1
0.0007189,1,1
0.000719,1,1
0.0007191,1,1
0.0007192,1,1
0.0007193,1,1
0.0007194,1,1
0.0007195,1,1
0.0007196,1,1
0.0007197,1,1
0.0007198,1,1
0.0007199,1,1
0.00072,1,1
0.0007201,1,1
0.0007202,1,1
0.0007203,1,1
0.0007204,1,1
0.0007205,1,1
0.0007206,1,1
0.0007207,1,1
0.0007208,1,1
0.0007209,1,1
0.000721,1,1
0.0007211,1,1
0.0007212,1,1
0.0007213,1,1
0.0007214,1,1
0.0007215,1,1
0.0007216,1,1
0.0007217,1,1
0.0007218,1,1
0.0007219,1,1
0.000722,1,1
0.0007221,1,1
0.0007222,1,1
0.0007223,1,1
0.0007224,1,1
0.0007225,1,1
0.0007226,1,1
0.0007227,1,1
0.0007228,1,1
0.0007229,1,1
0.000723,1,1
0.0007231,1,1
0.0007232,1,1
0.0007233,1,1
0.0007234,1,1
0.0007235,1,1
0.0007236,1,1
0.0007237,1,1
0.0007238,1,1
0.0007239,1,1
0.000724,1,1
0.0007241,1,1
0.0007242,1,1
0.0007243,1,1
0.0007244,1,1
0.0007245,1,1
0.0007246,1,1
0.0007247,1,1
0.0007248,1,1
0.0007249,1,1
0.000725,1,1
0.0007251,1,1
0.0007252,1,1
0.0007253,1,1
0.0007254,1,1
0.0007255,1,1
0.0007256,1,1
0.0007257,1,1
0.0007258,1,1
0.0007259,1,1
0.000726,1,1
0.0007261,1,1
0.0007262,1,1
0.0007263,1,1
0.0007264,1,1
0.0007265,1,1
0.0007266,1,1
0.0007267,1,1
0.0007268,1,1
0.0007269,1,1
0.000727,1,1
0.0007271,1,1
0.0007272,1,1
0.0007273,1,1
0.0007274,1,1
0.0007275,1,1
0.0007276,1,1
0.0007277,1,1
0.0007278,1,1
0.0007279,1,1
0.000728,1,1
0.0007281,1,1
0.0007282,1,1
0.0007283,1,1
0.0007284,1,1
0.0007285,1,1
0.0007286,1,1
0.0007287,1,1
0.0007288,1,1
0.0007289,1,1
0.000729,1,1
0.0007291,1,1
0.0007292,1,1
0.0007293,1,1
0.0007294,1,1
0.0007295,1,1
0.0007296,1,1
0.0007297,1,1
0.0007298,1,1
0.0007299,1,1
0.00073,1,1
0.0007301,1,1
0.0007302,1,1
0.0007303,1,1
0.0007304,1,1
0.0007305,1,1
0.0007306,1,1
0.0007307,1,1
0.0007308,1,1
0.0007309,1,1
0.000731,1,1
0.0007311,1,1
0.0007312,1,1
0.0007313,1,1
0.0007314,1,1
0.0007315,1,1
0.0007316,1,1
0.0007317,1,1
0.0007318,1,1
0.0007319,1,1
0.000732,1,1
0.0007321,1,1
0.0007322,1,1
0.0007323,1,1
0.0007324,1,1
0.0007325,1,1
0.0007326,1,1
0.0007327,1,1
0.0007328,1,1
0.0007329,1,1
0.000733,1,1
0.0007331,1,1
0.0007332,1,1
0.0007333,1,1
0.0007334,1,1
0.0007335,1,1
0.0007336,1,1
0.0007337,1,1
0.0007338,1,1
0.0007339,1,1
0.000734,1,1
0.0007341,1,1
0.0007342,1,1
0.0007343,1,1
0.0007344,1,1
0.0007345,1,1
0.0007346,1,1
0.0007347,1,1
0.0007348,1,1
0.0007349,1,1
0.000735,1,1
0.0007351,1,1
0.0007352,1,1
0.0007353,1,1
0.0007354,1,1
0.0007355,1,1
0.0007356,1,1
0.0007357,1,1
0.0007358,1,1
0.0007359,1,1
0.000736,1,1
0.0007361,1,1
0.0007362,1,1
0.0007363,1,1
0.0007364,1,1
0.0007365,1,1
0.0007366,1,1
0.0007367,1,1
0.0007368,1,1
0.0007369,1,1
0.000737,1,1
0.0007371,1,1
0.0007372,1,1
0.0007373,1,1
0.0007374,1,1
0.0007375,1,1
0.0007376,1,1
0.0007377,1,1
0.0007378,1,1
0.0007379,1,1
0.000738,1,1
0.0007381,1,1
0.0007382,1,1
0.0007383,1,1
0.0007384,1,1
0.0007385,1,1
0.0007386,1,1
0.0007387,1,1
0.0007388,1,1
0.0007389,1,1
0.000739,1,1
0.0007391,1,1
0.0007392,1,1
0.0007393,1,1
0.0007394,1,1
0.0007395,1,1
0.0007396,1,1
0.0007397,1,1
0.0007398,1,1
0.0007399,1,1
0.00074,1,1
0.0007401,1,1
0.0007402,1,1
0.0007403,1,1
0.0007404,1,1
0.0007405,1,1
0.0007406,1,1
0.0007407,1,1
0.0007408,1,1
0.0007409,1,1
0.000741,1,1
0.0007411,1,1
0.0007412,1,1
0.0007413,1,1
0.0007414,1,1
0.0007415,1,1
0.0007416,1,1
0.0007417,1,1
0.0007418,1,1
0.0007419,1,1
0.000742,1,1
0.0007421,1,1
0.0007422,1,1
0.0007423,1,1
0.0007424,1,1
0.0007425,1,1
0.0007426,1,1
0.0007427,1,1
0.0007428,1,1
0.0007429,1,1
0.000743,1,1
0.0007431,1,1
0.0007432,1,1
0.0007433,1,1
0.0007434,1,1
0.0007435,1,1
0.0007436,1,1
0.0007437,1,1
0.0007438,1,1
0.0007439,1,1
0.000744,1,1
0.0007441,1,1
0.0007442,1,1
0.0007443,1,1
0.0007444,1,1
0.0007445,1,1
0.0007446,1,1
0.0007447,1,1
0.0007448,1,1
0.0007449,1,1
0.000745,1,1
0.0007451,1,1
0.0007452,1,1
0.0007453,1,1
0.0007454,1,1
0.0007455,1,1
0.0007456,1,1
0.0007457,1,1
0.0007458,1,1
0.0007459,1,1
0.000746,1,1
0.0007461,1,1
0.0007462,1,1
0.0007463,1,1
0.0007464,1,1
0.0007465,1,1
0.0007466,1,1
0.0007467,1,1
0.0007468,1,1
0.0007469,1,1
0.000747,1,1
0.0007471,1,1
0.0007472,1,1
0.0007473,1,1
0.0007474,1,1
0.0007475,1,1
0.0007476,1,1
0.0007477,1,1
0.0007478,1,1
0.0007479,1,1
0.000748,1,1
0.0007481,1,1
0.0007482,1,1
0.0007483,1,1
0.0007484,1,1
0.0007485,1,1
0.0007486,1,1
0.0007487,1,1
0.0007488,1,1
0.0007489,1,1
0.000749,1,1
0.0007491,1,1
0.0007492,1,1
0.0007493,1,1
0.0007494,1,1
0.0007495,1,1
0.0007496,1,1
0.0007497,1,1
0.0007498,1,1
0.0007499,1,1
0.00075,1,1
0.0007501,1,1
0.0007502,1,1
0.0007503,1,1
0.0007504,1,1
0.0007505,1,1
0.0007506,1,1
0.0007507,1,1
0.0007508,1,1
0.0007509,1,1
0.000751,1,1
0.0007511,1,1
0.0007512,1,1
0.0007513,1,1
0.0007514,1,1
0.0007515,1,1
0.0007516,1,1
0.0007517,1,1
0.0007518,1,1
0.0007519,1,1
0.000752,1,1
0.0007521,1,1
0.0007522,1,1
0.0007523,1,1
0.0007524,1,1
0.0007525,1,1
0.0007526,1,1
0.0007527,1,1
0.0007528,1,1
0.0007529,1,1
0.000753,1,1
0.0007531,1,1
0.0007532,1,1
0.0007533,1,1
0.0007534,1,1
0.0007535,1,1
0.0007536,1,1
0.0007537,1,1
0.0007538,1,1
0.0007539,1,1
0.000754,1,1
0.0007541,1,1
0.0007542,1,1
0.0007543,1,1
0.0007544,1,1
0.0007545,1,1
0.0007546,1,1
0.0007547,1,1
0.0007548,1,1
0.0007549,1,1
0.000755,1,1
0.0007551,1,1
0.0007552,1,1
0.0007553,1,1
0.0007554,1,1
0.0007555,1,1
0.0007556,1,1
0.0007557,1,1
0.0007558,1,1
0.0007559,1,1
0.000756,1,1
0.0007561,1,1
0.0007562,1,1
0.0007563,1,1
0.0007564,1,1
0.0007565,1,1
0.0007566,1,1
0.0007567,1,1
0.0007568,1,1
0.0007569,1,1
0.000757,1,1
0.0007571,1,1
0.0007572,1,1
0.0007573,1,1
0.0007574,1,1
0.0007575,1,1
0.0007576,1,1
0.0007577,1,1
0.0007578,1,1
0.0007579,1,1
0.000758,1,1
0.0007581,1,1
0.0007582,1,1
0.0007583,1,1
0.0007584,1,1
0.0007585,1,1
0.0007586,1,1
0.0007587,1,1
0.0007588,1,1
0.0007589,1,1
0.000759,1,1
0.0007591,1,1
0.0007592,1,1
0.0007593,1,1
0.0007594,1,1
0.0007595,1,1
0.0007596,1,1
0.0007597,1,1
0.0007598,1,1
0.0007599,1,1
0.00076,1,1
0.0007601,1,1
0.0007602,1,1
0.0007603,1,1
0.0007604,1,1
0.0007605,1,1
0.0007606,1,1
0.0007607,1,1
0.0007608,1,1
0.0007609,1,1
0.000761,1,1
0.0007611,1,1
0.0007612,1,1
0.0007613,1,1
0.0007614,1,1
0.0007615,1,1
0.0007616,1,1
0.0007617,1,1
0.0007618,1,1
0.0007619,1,1
0.000762,1,1
0.0007621,1,1
0.0007622,1,1
0.0007623,1,1
0.0007624,1,1
0.0007625,1,1
0.0007626,1,1
0.0007627,1,1
0.0007628,1,1
0.0007629,1,1
0.000763,1,1
0.0007631,1,1
0.0007632,1,1
0.0007633,1,1
0.0007634,1,1
0.0007635,1,1
0.0007636,1,1
0.0007637,1,1
0.0007638,1,1
0.0007639,1,1
0.000764,1,1
0.0007641,1,1
0.0007642,1,1
0.0007643,1,1
0.0007644,1,1
0.0007645,1,1
0.0007646,1,1
0.0007647,1,1
0.0007648,1,1
0.0007649,1,1
0.000765,1,1
0.0007651,1,1
0.0007652,1,1
0.0007653,1,1
0.0007654,1,1
0.0007655,1,1
0.0007656,1,1
0.0007657,1,1
0.0007658,1,1
0.0007659,1,1
0.000766,1,1
0.0007661,1,1
0.0007662,1,1
0.0007663,1,1
0.0007664,1,1
0.0007665,1,1
0.0007666,1,1
0.0007667,1,1
0.0007668,1,1
0.0007669,1,1
0.000767,1,1
0.0007671,1,1
0.0007672,1,1
0.0007673,1,1
0.0007674,1,1
0.0007675,1,1
0.0007676,1,1
0.0007677,1,1
0.0007678,1,1
0.0007679,1,1
0.000768,1,1
0.0007681,1,1
0.0007682,1,1
0.0007683,1,1
0.0007684,1,1
0.0007685,1,1
0.0007686,1,1
0.0007687,1,1
0.0007688,1,1
0.0007689,1,1
0.000769,1,1
0.0007691,1,1
0.0007692,1,1
0.0007693,1,1
0.0007694,1,1
0.0007695,1,1
0.0007696,1,1
0.0007697,1,1
0.0007698,1,1
0.0007699,1,1
0.00077,1,1
0.0007701,1,1
0.0007702,1,1
0.0007703,1,1
0.0007704,1,1
0.0007705,1,1
0.0007706,1,1
0.0007707,1,1
0.0007708,1,1
0.0007709,1,1
0.000771,1,1
0.0007711,1,1
0.0007712,1,1
0.0007713,1,1
0.0007714,1,1
0.0007715,1,1
0.0007716,1,1
0.0007717,1,1
0.0007718,1,1
0.0007719,1,1
0.000772,1,1
0.0007721,1,1
0.0007722,1,1
0.0007723,1,1
0.0007724,1,1
0.0007725,1,1
0.0007726,1,1
0.0007727,1,1
0.0007728,1,1
0.0007729,1,1
0.000773,1,1
0.0007731,1,1
0.0007732,1,1
0.0007733,1,1
0.0007734,1,1
0.0007735,1,1
0.0007736,1,1
0.0007737,1,1
0.0007738,1,1
0.0007739,1,1
0.000774,1,1
0.0007741,1,1
0.0007742,1,1
0.0007743,1,1
0.0007744,1,1
0.0007745,1,1
0.0007746,1,1
0.0007747,1,1
0.0007748,1,1
0.0007749,1,1
0.000775,1,1
0.0007751,1,1
0.0007752,1,1
0.0007753,1,1
0.0007754,1,1
0.0007755,1,1
0.0007756,1,1
0.0007757,1,1
0.0007758,1,1
0.0007759,1,1
0.000776,1,1
0.0007761,1,1
0.0007762,1,1
0.0007763,1,1
0.0007764,1,1
0.0007765,1,1
0.0007766,1,1
0.0007767,1,1
0.0007768,1,1
0.0007769,1,1
0.000777,1,1
0.0007771,1,1
0.0007772,1,1
0.0007773,1,1
0.0007774,1,1
0.0007775,1,1
0.0007776,1,1
0.0007777,1,1
0.0007778,1,1
0.0007779,1,1
0.000778,1,1
0.0007781,1,1
0.0007782,1,1
0.0007783,1,1
0.0007784,1,1
0.0007785,1,1
0.0007786,1,1
0.0007787,1,1
0.0007788,1,1
0.0007789,1,1
0.000779,1,1
0.0007791,1,1
0.0007792,1,1
0.0007793,1,1
0.0007794,1,1
0.0007795,1,1
0.0007796,1,1
0.0007797,1,1
0.0007798,1,1
0.0007799,1,1
0.00078,1,1
0.0007801,1,1
0.0007802,1,1
0.0007803,1,1
0.0007804,1,1
0.0007805,1,1
0.0007806,1,1
0.0007807,1,1
0.0007808,1,1
0.0007809,1,1
0.000781,1,1
0.0007811,1,1
0.0007812,1,1
0.0007813,1,1
0.0007814,1,1
0.0007815,1,1
0.0007816,1,1
0.0007817,1,1
0.0007818,1,1
0.0007819,1,1
0.000782,1,1
0.0007821,1,1
0.0007822,1,1
0.0007823,1,1
0.0007824,1,1
0.0007825,1,1
0.0007826,1,1
0.0007827,1,1
0.0007828,1,1
0.0007829,1,1
0.000783,1,1
0.0007831,1,1
0.0007832,1,1
0.0007833,1,1
0.0007834,1,1
0.0007835,1,1
0.0007836,1,1
0.0007837,1,1
0.0007838,1,1
0.0007839,1,1
0.000784,1,1
0.0007841,1,1
0.0007842,1,1
0.0007843,1,1
0.0007844,1,1
0.0007845,1,1
0.0007846,1,1
0.0007847,1,1
0.0007848,1,1
0.0007849,1,1
0.000785,1,1
0.0007851,1,1
0.0007852,1,1
0.0007853,1,1
0.0007854,1,1
0.0007855,1,1
0.0007856,1,1
0.0007857,1,1
0.0007858,1,1
0.0007859,1,1
0.000786,1,1
0.0007861,1,1
0.0007862,1,1
0.0007863,1,1
0.0007864,1,1
0.0007865,1,1
0.0007866,1,1
0.0007867,1,1
0.0007868,1,1
0.0007869,1,1
0.000787,1,1
0.0007871,1,1
0.0007872,1,1
0.0007873,1,1
0.0007874,1,1
0.0007875,1,1
0.0007876,1,1
0.0007877,1,1
0.0007878,1,1
0.0007879,1,1
0.000788,1,1
0.0007881,1,1
0.0007882,1,1
0.0007883,1,1
0.0007884,1,1
0.0007885,1,1
0.0007886,1,1
0.0007887,1,1
0.0007888,1,1
0.0007889,1,1
0.000789,1,1
0.0007891,1,1
0.0007892,1,1
0.0007893,1,1
0.0007894,1,1
0.0007895,1,1
0.0007896,1,1
0.0007897,1,1
0.0007898,1,1
0.0007899,1,1
0.00079,1,1
0.0007901,1,1
0.0007902,1,1
0.0007903,1,1
0.0007904,1,1
0.0007905,1,1
0.0007906,1,1
0.0007907,1,1
0.0007908,1,1
0.0007909,1,1
0.000791,1,1
0.0007911,1,1
0.0007912,1,1
0.0007913,1,1
0.0007914,1,1
0.0007915,1,1
0.0007916,1,1
0.0007917,1,1
0.0007918,1,1
0.0007919,1,1
0.000792,1,1
0.0007921,1,1
0.0007922,1,1
0.0007923,1,1
0.0007924,1,1
0.0007925,1,1
0.0007926,1,1
0.0007927,1,1
0.0007928,1,1
0.0007929,1,1
0.000793,1,1
0.0007931,1,1
0.0007932,1,1
0.0007933,1,1
0.0007934,1,1
0.0007935,1,1
0.0007936,1,1
0.0007937,1,1
0.0007938,1,1
0.0007939,1,1
0.000794,1,1
0.0007941,1,1
0.0007942,1,1
0.0007943,1,1
0.0007944,1,1
0.0007945,1,1
0.0007946,1,1
0.0007947,1,1
0.0007948,1,1
0.0007949,1,1
0.000795,1,1
0.0007951,1,1
0.0007952,1,1
0.0007953,1,1
0.0007954,1,1
0.0007955,1,1
0.0007956,1,1
0.0007957,1,1
0.0007958,1,1
0.0007959,1,1
0.000796,1,1
0.0007961,1,1
0.0007962,1,1
0.0007963,1,1
0.0007964,1,1
0.0007965,1,1
0.0007966,1,1
0.0007967,1,1
0.0007968,1,1
0.0007969,1,1
0.000797,1,1
0.0007971,1,1
0.0007972,1,1
0.0007973,1,1
0.0007974,1,1
0.0007975,1,1
0.0007976,1,1
0.0007977,1,1
0.0007978,1,1
0.0007979,1,1
0.000798,1,1
0.0007981,1,1
0.0007982,1,1
0.0007983,1,1
0.0007984,1,1
0.0007985,1,1
0.0007986,1,1
0.0007987,1,1
0.0007988,1,1
0.0007989,1,1
0.000799,1,1
0.0007991,1,1
0.0007992,1,1
0.0007993,1,1
0.0007994,1,1
0.0007995,1,1
0.0007996,1,1
0.0007997,1,1
0.0007998,1,1
0.0007999,1,1
0.0008,1,1
0.0008001,1,1
0.0008002,1,1
0.0008003,1,1
0.0008004,1,1
0.0008005,1,1
0.0008006,1,1
0.0008007,1,1
0.0008008,1,1
0.0008009,1,1
0.000801,1,1
0.0008011,1,1
0.0008012,1,1
0.0008013,1,1
0.0008014,1,1
0.0008015,1,1
0.0008016,1,1
0.0008017,1,1
0.0008018,1,1
0.0008019,1,1
0.000802,1,1
0.0008021,1,1
0.0008022,1,1
0.0008023,1,1
0.0008024,1,1
0.0008025,1,1
0.0008026,1,1
0.0008027,1,1
0.0008028,1,1
0.0008029,1,1
0.000803,1,1
0.0008031,1,1
0.0008032,1,1
0.0008033,1,1
0.0008034,1,1
0.0008035,1,1
0.0008036,1,1
0.0008037,1,1
0.0008038,1,1
0.0008039,1,1
0.000804,1,1
0.0008041,1,1
0.0008042,1,1
0.0008043,1,1
0.0008044,1,1
0.0008045,1,1
0.0008046,1,1
0.0008047,1,1
0.0008048,1,1
0.0008049,1,1
0.000805,1,1
0.0008051,1,1
0.0008052,1,1
0.0008053,1,1
0.0008054,1,1
0.0008055,1,1
0.0008056,1,1
0.0008057,1,1
0.0008058,1,1
0.0008059,1,1
0.000806,1,1
0.0008061,1,1
0.0008062,1,1
0.0008063,1,1
0.0008064,1,1
0.0008065,1,1
0.0008066,1,1
0.0008067,1,1
0.0008068,1,1
0.0008069,1,1
0.000807,1,1
0.0008071,1,1
0.0008072,1,1
0.0008073,1,1
0.0008074,1,1
0.0008075,1,1
0.0008076,1,1
0.0008077,1,1
0.0008078,1,1
0.0008079,1,1
0.000808,1,1
0.0008081,1,1
0.0008082,1,1
0.0008083,1,1
0.0008084,1,1
0.0008085,1,1
0.0008086,1,1
0.0008087,1,1
0.0008088,1,1
0.0008089,1,1
0.000809,1,1
0.0008091,1,1
0.0008092,1,1
0.0008093,1,1
0.0008094,1,1
0.0008095,1,1
0.0008096,1,1
0.0008097,1,1
0.0008098,1,1
0.0008099,1,1
0.00081,1,1
0.0008101,1,1
0.0008102,1,1
0.0008103,1,1
0.0008104,1,1
0.0008105,1,1
0.0008106,1,1
0.0008107,1,1
0.0008108,1,1
0.0008109,1,1
0.000811,1,1
0.0008111,1,1
0.0008112,1,1
0.0008113,1,1
0.0008114,1,1
0.0008115,1,1
0.0008116,1,1
0.0008117,1,1
0.0008118,1,1
0.0008119,1,1
0.000812,1,1
0.0008121,1,1
0.0008122,1,1
0.0008123,1,1
0.0008124,1,1
0.0008125,1,1
0.0008126,1,1
0.0008127,1,1
0.0008128,1,1
0.0008129,1,1
0.000813,1,1
0.0008131,1,1
0.0008132,1,1
0.0008133,1,1
0.0008134,1,1
0.0008135,1,1
0.0008136,1,1
0.0008137,1,1
0.0008138,1,1
0.0008139,1,1
0.000814,1,1
0.0008141,1,1
0.0008142,1,1
0.0008143,1,1
0.0008144,1,1
0.0008145,1,1
0.0008146,1,1
0.0008147,1,1
0.0008148,1,1
0.0008149,1,1
0.000815,1,1
0.0008151,1,1
0.0008152,1,1
0.0008153,1,1
0.0008154,1,1
0.0008155,1,1
0.0008156,1,1
0.0008157,1,1
0.0008158,1,1
0.0008159,1,1
0.000816,1,1
0.0008161,1,1
0.0008162,1,1
0.0008163,1,1
0.0008164,1,1
0.0008165,1,1
0.0008166,1,1
0.0008167,1,1
0.0008168,1,1
0.0008169,1,1
0.000817,1,1
0.0008171,1,1
0.0008172,1,1
0.0008173,1,1
0.0008174,1,1
0.0008175,1,1
0.0008176,1,1
0.0008177,1,1
0.0008178,1,1
0.0008179,1,1
0.000818,1,1
0.0008181,1,1
0.0008182,1,1
0.0008183,1,1
0.0008184,1,1
0.0008185,1,1
0.0008186,1,1
0.0008187,1,1
0.0008188,1,1
0.0008189,1,1
0.000819,1,1
0.0008191,1,1
